{
    "event_type": "flower_visit",
    "event_id": "flower_1_20260226032517196292",
    "flower_id": "flower_1",
    "background_dist": 0.35,
    "start_time": 1772097913.663001,
    "end_time": 1772097917.196183,
    "num_scans": 53,
    "angles": [
        144,
        145,
        146,
        147
    ],
    "distance_series": [
        [
            0.14,
            0.142,
            0.139,
            0.14
        ],
        [
            0.139,
            0.142,
            0.138,
            0.143
        ],
        [
            0.14,
            0.141,
            0.137,
            0.141
        ],
        [
            0.141,
            0.14,
            0.139,
            0.145
        ],
        [
            0.142,
            0.141,
            0.14,
            0.143
        ],
        [
            0.143,
            0.142,
            0.14,
            0.139
        ],
        [
            0.143,
            0.144,
            0.143,
            0.14
        ],
        [
            0.14,
            0.144,
            0.137,
            0.141
        ],
        [
            0.141,
            0.146,
            0.137,
            0.142
        ],
        [
            0.141,
            0.146,
            0.14,
            0.144
        ],
        [
            0.144,
            0.145,
            0.141,
            0.143
        ],
        [
            0.148,
            0.143,
            0.14,
            0.144
        ],
        [
            0.145,
            0.143,
            0.141,
            0.146
        ],
        [
            0.144,
            0.138,
            0.145,
            0.147
        ],
        [
            0.143,
            0.14,
            0.142,
            0.145
        ],
        [
            0.145,
            0.141,
            0.143,
            0.143
        ],
        [
            0.142,
            0.14,
            0.141,
            0.144
        ],
        [
            0.142,
            0.142,
            0.141,
            0.143
        ],
        [
            0.14,
            0.14,
            0.141,
            0.141
        ],
        [
            0.139,
            0.142,
            0.141,
            0.139
        ],
        [
            0.143,
            0.141,
            0.141,
            0.138
        ],
        [
            0.143,
            0.141,
            0.138,
            0.138
        ],
        [
            0.144,
            0.142,
            0.138,
            0.143
        ],
        [
            0.145,
            0.14,
            0.137,
            0.146
        ],
        [
            0.143,
            0.143,
            0.135,
            0.143
        ],
        [
            0.145,
            0.141,
            0.142,
            0.145
        ],
        [
            0.149,
            0.144,
            0.142,
            0.143
        ],
        [
            0.146,
            0.144,
            0.146,
            0.141
        ],
        [
            0.146,
            0.148,
            0.145,
            0.14
        ],
        [
            0.145,
            0.145,
            0.144,
            0.14
        ],
        [
            0.143,
            0.143,
            0.143,
            0.138
        ],
        [
            0.145,
            0.142,
            0.141,
            0.141
        ],
        [
            0.141,
            0.137,
            0.137,
            0.143
        ],
        [
            0.138,
            0.14,
            0.14,
            0.141
        ],
        [
            0.141,
            0.142,
            0.139,
            0.14
        ],
        [
            0.14,
            0.142,
            0.139,
            0.138
        ],
        [
            0.142,
            0.143,
            0.141,
            0.139
        ],
        [
            0.145,
            0.137,
            0.138,
            0.141
        ],
        [
            0.144,
            0.14,
            0.139,
            0.14
        ],
        [
            0.146,
            0.139,
            0.142,
            0.14
        ],
        [
            0.146,
            0.14,
            0.14,
            0.146
        ],
        [
            0.147,
            0.143,
            0.142,
            0.143
        ],
        [
            0.191,
            0.192,
            0.198,
            0.196
        ],
        [
            0.243,
            0.248,
            0.251,
            0.246
        ],
        [
            0.293,
            0.303,
            0.304,
            0.295
        ],
        [
            0.348,
            0.355,
            0.356,
            0.35
        ],
        [
            0.349,
            0.358,
            0.353,
            0.348
        ],
        [
            0.352,
            0.357,
            0.351,
            0.348
        ],
        [
            0.35,
            0.358,
            0.347,
            0.346
        ],
        [
            0.349,
            0.356,
            0.351,
            0.344
        ],
        [
            0.349,
            0.355,
            0.351,
            0.346
        ],
        [
            0.343,
            0.354,
            0.355,
            0.343
        ],
        [
            0.346,
            0.35,
            0.359,
            0.346
        ]
    ],
    "timestamp": "2026-02-26T03:25:17.196358",
    "label": "not_bee"
}