{
    "event_type": "flower_visit",
    "event_id": "flower_1_20260226030741606933",
    "flower_id": "flower_1",
    "background_dist": 0.35,
    "start_time": 1772096859.206403,
    "end_time": 1772096861.606839,
    "num_scans": 36,
    "angles": [
        144,
        145,
        146,
        147
    ],
    "distance_series": [
        [
            0.334,
            0.317,
            0.32,
            0.309
        ],
        [
            0.336,
            0.328,
            0.318,
            0.304
        ],
        [
            0.341,
            0.328,
            0.32,
            0.308
        ],
        [
            0.336,
            0.324,
            0.322,
            0.307
        ],
        [
            0.325,
            0.321,
            0.316,
            0.31
        ],
        [
            0.316,
            0.315,
            0.316,
            0.315
        ],
        [
            0.312,
            0.311,
            0.314,
            0.309
        ],
        [
            0.316,
            0.309,
            0.313,
            0.309
        ],
        [
            0.325,
            0.312,
            0.318,
            0.305
        ],
        [
            0.332,
            0.319,
            0.325,
            0.298
        ],
        [
            0.337,
            0.331,
            0.328,
            0.3
        ],
        [
            0.342,
            0.337,
            0.332,
            0.301
        ],
        [
            0.345,
            0.34,
            0.33,
            0.301
        ],
        [
            0.345,
            0.336,
            0.329,
            0.305
        ],
        [
            0.348,
            0.33,
            0.329,
            0.306
        ],
        [
            0.343,
            0.328,
            0.326,
            0.31
        ],
        [
            0.336,
            0.316,
            0.322,
            0.311
        ],
        [
            0.324,
            0.314,
            0.32,
            0.311
        ],
        [
            0.316,
            0.31,
            0.317,
            0.315
        ],
        [
            0.309,
            0.311,
            0.308,
            0.318
        ],
        [
            0.307,
            0.312,
            0.306,
            0.319
        ],
        [
            0.313,
            0.31,
            0.304,
            0.318
        ],
        [
            0.321,
            0.315,
            0.306,
            0.315
        ],
        [
            0.332,
            0.323,
            0.316,
            0.31
        ],
        [
            0.341,
            0.326,
            0.316,
            0.308
        ],
        [
            0.346,
            0.327,
            0.323,
            0.308
        ],
        [
            0.344,
            0.334,
            0.331,
            0.305
        ],
        [
            0.345,
            0.342,
            0.338,
            0.313
        ],
        [
            0.344,
            0.354,
            0.347,
            0.323
        ],
        [
            0.345,
            0.359,
            0.352,
            0.331
        ],
        [
            0.346,
            0.358,
            0.354,
            0.343
        ],
        [
            0.349,
            0.354,
            0.348,
            0.343
        ],
        [
            0.344,
            0.354,
            0.346,
            0.347
        ],
        [
            0.345,
            0.351,
            0.343,
            0.344
        ],
        [
            0.345,
            0.35,
            0.345,
            0.348
        ],
        [
            0.342,
            0.348,
            0.347,
            0.345
        ]
    ],
    "timestamp": "2026-02-26T03:07:41.607040",
    "label": "bee"
}