{
    "event_type": "flower_visit",
    "event_id": "flower_1_20260226032412197270",
    "flower_id": "flower_1",
    "background_dist": 0.35,
    "start_time": 1772097850.130836,
    "end_time": 1772097852.197124,
    "num_scans": 31,
    "angles": [
        144,
        145,
        146,
        147
    ],
    "distance_series": [
        [
            0.286,
            0.287,
            0.288,
            0.292
        ],
        [
            0.292,
            0.29,
            0.288,
            0.294
        ],
        [
            0.293,
            0.293,
            0.292,
            0.293
        ],
        [
            0.293,
            0.292,
            0.286,
            0.289
        ],
        [
            0.298,
            0.294,
            0.287,
            0.291
        ],
        [
            0.296,
            0.289,
            0.289,
            0.293
        ],
        [
            0.295,
            0.29,
            0.29,
            0.293
        ],
        [
            0.297,
            0.291,
            0.29,
            0.294
        ],
        [
            0.297,
            0.292,
            0.288,
            0.291
        ],
        [
            0.299,
            0.296,
            0.29,
            0.286
        ],
        [
            0.295,
            0.296,
            0.292,
            0.287
        ],
        [
            0.293,
            0.297,
            0.291,
            0.292
        ],
        [
            0.293,
            0.294,
            0.292,
            0.295
        ],
        [
            0.295,
            0.292,
            0.293,
            0.295
        ],
        [
            0.299,
            0.29,
            0.295,
            0.293
        ],
        [
            0.297,
            0.292,
            0.292,
            0.293
        ],
        [
            0.293,
            0.292,
            0.29,
            0.294
        ],
        [
            0.292,
            0.291,
            0.29,
            0.293
        ],
        [
            0.296,
            0.288,
            0.288,
            0.291
        ],
        [
            0.298,
            0.284,
            0.289,
            0.286
        ],
        [
            0.289,
            0.278,
            0.283,
            0.284
        ],
        [
            0.299,
            0.294,
            0.299,
            0.296
        ],
        [
            0.31,
            0.311,
            0.317,
            0.314
        ],
        [
            0.32,
            0.328,
            0.328,
            0.328
        ],
        [
            0.338,
            0.348,
            0.349,
            0.342
        ],
        [
            0.341,
            0.346,
            0.345,
            0.342
        ],
        [
            0.34,
            0.348,
            0.348,
            0.344
        ],
        [
            0.342,
            0.348,
            0.353,
            0.345
        ],
        [
            0.339,
            0.352,
            0.353,
            0.346
        ],
        [
            0.343,
            0.351,
            0.352,
            0.345
        ],
        [
            0.343,
            0.347,
            0.351,
            0.35
        ]
    ],
    "timestamp": "2026-02-26T03:24:12.197352",
    "label": "not_bee"
}