{
    "event_type": "flower_visit",
    "event_id": "flower_1_20260226030943272331",
    "flower_id": "flower_1",
    "background_dist": 0.35,
    "start_time": 1772096981.538226,
    "end_time": 1772096983.272212,
    "num_scans": 26,
    "angles": [
        144,
        145,
        146,
        147
    ],
    "distance_series": [
        [
            0.32,
            0.303,
            0.319,
            0.323
        ],
        [
            0.322,
            0.309,
            0.314,
            0.318
        ],
        [
            0.323,
            0.309,
            0.316,
            0.319
        ],
        [
            0.32,
            0.309,
            0.321,
            0.321
        ],
        [
            0.315,
            0.314,
            0.323,
            0.324
        ],
        [
            0.309,
            0.31,
            0.334,
            0.332
        ],
        [
            0.309,
            0.311,
            0.337,
            0.334
        ],
        [
            0.31,
            0.316,
            0.339,
            0.337
        ],
        [
            0.31,
            0.316,
            0.34,
            0.335
        ],
        [
            0.309,
            0.317,
            0.34,
            0.338
        ],
        [
            0.313,
            0.318,
            0.336,
            0.339
        ],
        [
            0.314,
            0.313,
            0.333,
            0.338
        ],
        [
            0.317,
            0.314,
            0.331,
            0.335
        ],
        [
            0.315,
            0.311,
            0.325,
            0.328
        ],
        [
            0.312,
            0.311,
            0.321,
            0.324
        ],
        [
            0.312,
            0.309,
            0.318,
            0.319
        ],
        [
            0.312,
            0.307,
            0.314,
            0.314
        ],
        [
            0.315,
            0.313,
            0.317,
            0.321
        ],
        [
            0.323,
            0.32,
            0.326,
            0.329
        ],
        [
            0.327,
            0.335,
            0.334,
            0.337
        ],
        [
            0.335,
            0.351,
            0.345,
            0.343
        ],
        [
            0.346,
            0.357,
            0.352,
            0.348
        ],
        [
            0.345,
            0.356,
            0.35,
            0.346
        ],
        [
            0.349,
            0.353,
            0.349,
            0.346
        ],
        [
            0.348,
            0.354,
            0.349,
            0.346
        ],
        [
            0.348,
            0.349,
            0.351,
            0.35
        ]
    ],
    "timestamp": "2026-02-26T03:09:43.272406",
    "label": "bee"
}