{
    "event_type": "flower_visit",
    "event_id": "flower_1_20260226030700007701",
    "flower_id": "flower_1",
    "background_dist": 0.35,
    "start_time": 1772096817.940958,
    "end_time": 1772096820.007563,
    "num_scans": 31,
    "angles": [
        144,
        145,
        146,
        147
    ],
    "distance_series": [
        [
            0.334,
            0.329,
            0.321,
            0.308
        ],
        [
            0.34,
            0.337,
            0.334,
            0.31
        ],
        [
            0.345,
            0.345,
            0.344,
            0.31
        ],
        [
            0.348,
            0.352,
            0.35,
            0.31
        ],
        [
            0.346,
            0.349,
            0.348,
            0.309
        ],
        [
            0.345,
            0.34,
            0.335,
            0.309
        ],
        [
            0.335,
            0.329,
            0.321,
            0.308
        ],
        [
            0.325,
            0.319,
            0.311,
            0.307
        ],
        [
            0.318,
            0.304,
            0.315,
            0.306
        ],
        [
            0.314,
            0.305,
            0.315,
            0.308
        ],
        [
            0.322,
            0.314,
            0.313,
            0.31
        ],
        [
            0.332,
            0.32,
            0.318,
            0.307
        ],
        [
            0.337,
            0.331,
            0.321,
            0.311
        ],
        [
            0.339,
            0.342,
            0.332,
            0.313
        ],
        [
            0.34,
            0.354,
            0.341,
            0.309
        ],
        [
            0.345,
            0.354,
            0.341,
            0.307
        ],
        [
            0.346,
            0.351,
            0.34,
            0.309
        ],
        [
            0.344,
            0.339,
            0.327,
            0.31
        ],
        [
            0.331,
            0.33,
            0.32,
            0.312
        ],
        [
            0.321,
            0.318,
            0.315,
            0.31
        ],
        [
            0.313,
            0.311,
            0.313,
            0.309
        ],
        [
            0.316,
            0.31,
            0.315,
            0.303
        ],
        [
            0.325,
            0.319,
            0.322,
            0.313
        ],
        [
            0.338,
            0.331,
            0.325,
            0.324
        ],
        [
            0.346,
            0.344,
            0.335,
            0.335
        ],
        [
            0.343,
            0.356,
            0.347,
            0.345
        ],
        [
            0.346,
            0.351,
            0.346,
            0.343
        ],
        [
            0.343,
            0.348,
            0.346,
            0.342
        ],
        [
            0.345,
            0.353,
            0.344,
            0.345
        ],
        [
            0.349,
            0.352,
            0.344,
            0.345
        ],
        [
            0.347,
            0.36,
            0.349,
            0.352
        ]
    ],
    "timestamp": "2026-02-26T03:07:00.007789",
    "label": "bee"
}