{
    "event_type": "flower_visit",
    "event_id": "flower_1_20260226031655534798",
    "flower_id": "flower_1",
    "background_dist": 0.35,
    "start_time": 1772097413.4019358,
    "end_time": 1772097415.534661,
    "num_scans": 32,
    "angles": [
        144,
        145,
        146,
        147
    ],
    "distance_series": [
        [
            0.312,
            0.319,
            0.331,
            0.338
        ],
        [
            0.316,
            0.323,
            0.33,
            0.336
        ],
        [
            0.319,
            0.324,
            0.329,
            0.339
        ],
        [
            0.317,
            0.324,
            0.33,
            0.339
        ],
        [
            0.311,
            0.326,
            0.329,
            0.34
        ],
        [
            0.312,
            0.326,
            0.329,
            0.338
        ],
        [
            0.308,
            0.326,
            0.332,
            0.337
        ],
        [
            0.308,
            0.326,
            0.33,
            0.339
        ],
        [
            0.312,
            0.326,
            0.331,
            0.34
        ],
        [
            0.312,
            0.323,
            0.33,
            0.342
        ],
        [
            0.309,
            0.322,
            0.325,
            0.339
        ],
        [
            0.308,
            0.321,
            0.326,
            0.338
        ],
        [
            0.31,
            0.322,
            0.323,
            0.336
        ],
        [
            0.31,
            0.325,
            0.325,
            0.339
        ],
        [
            0.312,
            0.326,
            0.328,
            0.34
        ],
        [
            0.31,
            0.329,
            0.33,
            0.34
        ],
        [
            0.309,
            0.324,
            0.335,
            0.342
        ],
        [
            0.309,
            0.324,
            0.335,
            0.341
        ],
        [
            0.307,
            0.325,
            0.333,
            0.344
        ],
        [
            0.31,
            0.325,
            0.333,
            0.343
        ],
        [
            0.312,
            0.33,
            0.335,
            0.341
        ],
        [
            0.314,
            0.329,
            0.332,
            0.34
        ],
        [
            0.312,
            0.321,
            0.335,
            0.339
        ],
        [
            0.313,
            0.322,
            0.334,
            0.34
        ],
        [
            0.317,
            0.322,
            0.333,
            0.337
        ],
        [
            0.325,
            0.328,
            0.336,
            0.335
        ],
        [
            0.334,
            0.335,
            0.341,
            0.335
        ],
        [
            0.339,
            0.345,
            0.347,
            0.339
        ],
        [
            0.346,
            0.35,
            0.35,
            0.345
        ],
        [
            0.344,
            0.354,
            0.348,
            0.347
        ],
        [
            0.34,
            0.356,
            0.35,
            0.347
        ],
        [
            0.346,
            0.355,
            0.347,
            0.348
        ]
    ],
    "timestamp": "2026-02-26T03:16:55.534883",
    "label": "bee"
}