{
    "event_type": "flower_visit",
    "event_id": "flower_1_20260226031754801375",
    "flower_id": "flower_1",
    "background_dist": 0.35,
    "start_time": 1772097473.268043,
    "end_time": 1772097474.8012202,
    "num_scans": 23,
    "angles": [
        144,
        145,
        146,
        147
    ],
    "distance_series": [
        [
            0.311,
            0.317,
            0.33,
            0.344
        ],
        [
            0.31,
            0.316,
            0.33,
            0.344
        ],
        [
            0.312,
            0.324,
            0.332,
            0.344
        ],
        [
            0.315,
            0.325,
            0.331,
            0.344
        ],
        [
            0.312,
            0.326,
            0.329,
            0.346
        ],
        [
            0.315,
            0.328,
            0.331,
            0.345
        ],
        [
            0.315,
            0.324,
            0.331,
            0.342
        ],
        [
            0.312,
            0.322,
            0.328,
            0.342
        ],
        [
            0.308,
            0.319,
            0.33,
            0.343
        ],
        [
            0.308,
            0.317,
            0.33,
            0.344
        ],
        [
            0.306,
            0.315,
            0.33,
            0.345
        ],
        [
            0.312,
            0.318,
            0.334,
            0.344
        ],
        [
            0.313,
            0.322,
            0.34,
            0.343
        ],
        [
            0.312,
            0.326,
            0.343,
            0.345
        ],
        [
            0.314,
            0.321,
            0.343,
            0.345
        ],
        [
            0.32,
            0.323,
            0.338,
            0.339
        ],
        [
            0.328,
            0.331,
            0.338,
            0.34
        ],
        [
            0.338,
            0.34,
            0.337,
            0.339
        ],
        [
            0.348,
            0.348,
            0.337,
            0.339
        ],
        [
            0.35,
            0.358,
            0.346,
            0.345
        ],
        [
            0.348,
            0.349,
            0.344,
            0.342
        ],
        [
            0.345,
            0.353,
            0.346,
            0.346
        ],
        [
            0.346,
            0.346,
            0.348,
            0.347
        ]
    ],
    "timestamp": "2026-02-26T03:17:54.801479",
    "label": "bee"
}