{
    "event_type": "flower_visit",
    "event_id": "flower_1_20260226032647729272",
    "flower_id": "flower_1",
    "background_dist": 0.35,
    "start_time": 1772097999.1288588,
    "end_time": 1772098007.7291079,
    "num_scans": 129,
    "angles": [
        144,
        145,
        146,
        147
    ],
    "distance_series": [
        [
            0.24,
            0.254,
            0.275,
            0.272
        ],
        [
            0.278,
            0.294,
            0.308,
            0.303
        ],
        [
            0.316,
            0.329,
            0.347,
            0.344
        ],
        [
            0.344,
            0.348,
            0.349,
            0.345
        ],
        [
            0.347,
            0.353,
            0.349,
            0.345
        ],
        [
            0.311,
            0.323,
            0.346,
            0.345
        ],
        [
            0.269,
            0.28,
            0.302,
            0.308
        ],
        [
            0.233,
            0.242,
            0.27,
            0.274
        ],
        [
            0.195,
            0.202,
            0.237,
            0.243
        ],
        [
            0.198,
            0.206,
            0.204,
            0.21
        ],
        [
            0.207,
            0.204,
            0.215,
            0.219
        ],
        [
            0.209,
            0.206,
            0.212,
            0.217
        ],
        [
            0.211,
            0.218,
            0.214,
            0.216
        ],
        [
            0.208,
            0.213,
            0.211,
            0.207
        ],
        [
            0.216,
            0.243,
            0.243,
            0.237
        ],
        [
            0.252,
            0.276,
            0.279,
            0.27
        ],
        [
            0.284,
            0.306,
            0.315,
            0.307
        ],
        [
            0.32,
            0.343,
            0.356,
            0.343
        ],
        [
            0.343,
            0.343,
            0.354,
            0.346
        ],
        [
            0.341,
            0.344,
            0.352,
            0.346
        ],
        [
            0.306,
            0.31,
            0.34,
            0.339
        ],
        [
            0.271,
            0.277,
            0.306,
            0.307
        ],
        [
            0.233,
            0.245,
            0.273,
            0.274
        ],
        [
            0.203,
            0.209,
            0.232,
            0.24
        ],
        [
            0.205,
            0.206,
            0.21,
            0.208
        ],
        [
            0.211,
            0.209,
            0.208,
            0.212
        ],
        [
            0.215,
            0.207,
            0.203,
            0.213
        ],
        [
            0.214,
            0.208,
            0.208,
            0.212
        ],
        [
            0.215,
            0.208,
            0.206,
            0.214
        ],
        [
            0.224,
            0.247,
            0.242,
            0.246
        ],
        [
            0.251,
            0.285,
            0.281,
            0.279
        ],
        [
            0.283,
            0.312,
            0.319,
            0.315
        ],
        [
            0.319,
            0.353,
            0.353,
            0.346
        ],
        [
            0.339,
            0.352,
            0.357,
            0.349
        ],
        [
            0.338,
            0.348,
            0.356,
            0.349
        ],
        [
            0.302,
            0.312,
            0.313,
            0.314
        ],
        [
            0.267,
            0.274,
            0.275,
            0.279
        ],
        [
            0.231,
            0.239,
            0.235,
            0.246
        ],
        [
            0.2,
            0.207,
            0.199,
            0.209
        ],
        [
            0.206,
            0.206,
            0.205,
            0.205
        ],
        [
            0.203,
            0.207,
            0.205,
            0.205
        ],
        [
            0.203,
            0.207,
            0.209,
            0.202
        ],
        [
            0.198,
            0.201,
            0.207,
            0.199
        ],
        [
            0.194,
            0.2,
            0.206,
            0.198
        ],
        [
            0.23,
            0.233,
            0.242,
            0.239
        ],
        [
            0.265,
            0.271,
            0.277,
            0.278
        ],
        [
            0.308,
            0.317,
            0.313,
            0.314
        ],
        [
            0.35,
            0.353,
            0.354,
            0.348
        ],
        [
            0.348,
            0.349,
            0.35,
            0.347
        ],
        [
            0.349,
            0.351,
            0.352,
            0.348
        ],
        [
            0.312,
            0.313,
            0.311,
            0.311
        ],
        [
            0.272,
            0.281,
            0.276,
            0.275
        ],
        [
            0.242,
            0.244,
            0.237,
            0.237
        ],
        [
            0.207,
            0.201,
            0.198,
            0.201
        ],
        [
            0.206,
            0.2,
            0.2,
            0.205
        ],
        [
            0.203,
            0.195,
            0.203,
            0.204
        ],
        [
            0.206,
            0.195,
            0.206,
            0.204
        ],
        [
            0.201,
            0.202,
            0.208,
            0.204
        ],
        [
            0.222,
            0.242,
            0.247,
            0.24
        ],
        [
            0.254,
            0.273,
            0.281,
            0.272
        ],
        [
            0.291,
            0.307,
            0.316,
            0.305
        ],
        [
            0.327,
            0.343,
            0.355,
            0.341
        ],
        [
            0.344,
            0.347,
            0.354,
            0.344
        ],
        [
            0.346,
            0.348,
            0.352,
            0.345
        ],
        [
            0.342,
            0.348,
            0.355,
            0.347
        ],
        [
            0.307,
            0.313,
            0.314,
            0.312
        ],
        [
            0.271,
            0.278,
            0.276,
            0.277
        ],
        [
            0.229,
            0.238,
            0.236,
            0.237
        ],
        [
            0.196,
            0.202,
            0.194,
            0.196
        ],
        [
            0.197,
            0.197,
            0.193,
            0.196
        ],
        [
            0.194,
            0.194,
            0.194,
            0.191
        ],
        [
            0.196,
            0.195,
            0.197,
            0.196
        ],
        [
            0.198,
            0.184,
            0.191,
            0.193
        ],
        [
            0.193,
            0.187,
            0.192,
            0.196
        ],
        [
            0.229,
            0.227,
            0.229,
            0.234
        ],
        [
            0.264,
            0.265,
            0.268,
            0.271
        ],
        [
            0.304,
            0.306,
            0.308,
            0.313
        ],
        [
            0.347,
            0.349,
            0.344,
            0.346
        ],
        [
            0.345,
            0.345,
            0.346,
            0.348
        ],
        [
            0.309,
            0.311,
            0.345,
            0.346
        ],
