{
    "event_type": "flower_visit",
    "event_id": "flower_1_20260226032319464625",
    "flower_id": "flower_1",
    "background_dist": 0.35,
    "start_time": 1772097796.331203,
    "end_time": 1772097799.4644842,
    "num_scans": 47,
    "angles": [
        144,
        145,
        146,
        147
    ],
    "distance_series": [
        [
            0.142,
            0.136,
            0.139,
            0.134
        ],
        [
            0.145,
            0.137,
            0.136,
            0.135
        ],
        [
            0.148,
            0.14,
            0.136,
            0.138
        ],
        [
            0.146,
            0.141,
            0.13,
            0.135
        ],
        [
            0.148,
            0.142,
            0.132,
            0.138
        ],
        [
            0.143,
            0.142,
            0.134,
            0.139
        ],
        [
            0.14,
            0.142,
            0.137,
            0.136
        ],
        [
            0.137,
            0.137,
            0.139,
            0.136
        ],
        [
            0.14,
            0.137,
            0.139,
            0.134
        ],
        [
            0.14,
            0.139,
            0.139,
            0.136
        ],
        [
            0.142,
            0.14,
            0.137,
            0.135
        ],
        [
            0.141,
            0.143,
            0.135,
            0.134
        ],
        [
            0.142,
            0.143,
            0.137,
            0.133
        ],
        [
            0.141,
            0.14,
            0.139,
            0.133
        ],
        [
            0.144,
            0.141,
            0.141,
            0.134
        ],
        [
            0.144,
            0.138,
            0.14,
            0.132
        ],
        [
            0.143,
            0.137,
            0.137,
            0.133
        ],
        [
            0.142,
            0.133,
            0.141,
            0.134
        ],
        [
            0.141,
            0.136,
            0.14,
            0.136
        ],
        [
            0.141,
            0.134,
            0.139,
            0.136
        ],
        [
            0.137,
            0.135,
            0.137,
            0.136
        ],
        [
            0.137,
            0.135,
            0.138,
            0.134
        ],
        [
            0.138,
            0.135,
            0.131,
            0.134
        ],
        [
            0.141,
            0.136,
            0.132,
            0.132
        ],
        [
            0.141,
            0.135,
            0.136,
            0.133
        ],
        [
            0.135,
            0.137,
            0.138,
            0.135
        ],
        [
            0.14,
            0.133,
            0.135,
            0.134
        ],
        [
            0.143,
            0.132,
            0.138,
            0.135
        ],
        [
            0.144,
            0.135,
            0.142,
            0.134
        ],
        [
            0.147,
            0.136,
            0.14,
            0.134
        ],
        [
            0.147,
            0.139,
            0.144,
            0.134
        ],
        [
            0.145,
            0.143,
            0.141,
            0.133
        ],
        [
            0.144,
            0.14,
            0.139,
            0.133
        ],
        [
            0.144,
            0.143,
            0.138,
            0.135
        ],
        [
            0.141,
            0.145,
            0.137,
            0.137
        ],
        [
            0.142,
            0.139,
            0.14,
            0.137
        ],
        [
            0.191,
            0.193,
            0.194,
            0.19
        ],
        [
            0.245,
            0.244,
            0.243,
            0.24
        ],
        [
            0.295,
            0.294,
            0.295,
            0.292
        ],
        [
            0.344,
            0.349,
            0.346,
            0.346
        ],
        [
            0.348,
            0.344,
            0.345,
            0.349
        ],
        [
            0.345,
            0.345,
            0.347,
            0.35
        ],
        [
            0.345,
            0.349,
            0.352,
            0.348
        ],
        [
            0.348,
            0.355,
            0.352,
            0.344
        ],
        [
            0.347,
            0.358,
            0.352,
            0.344
        ],
        [
            0.344,
            0.36,
            0.349,
            0.345
        ],
        [
            0.342,
            0.358,
            0.352,
            0.344
        ]
    ],
    "timestamp": "2026-02-26T03:23:19.464710",
    "label": "not_bee"
}