{
    "event_type": "flower_visit",
    "event_id": "flower_1_20260226032231065895",
    "flower_id": "flower_1",
    "background_dist": 0.35,
    "start_time": 1772097747.997744,
    "end_time": 1772097751.065779,
    "num_scans": 46,
    "angles": [
        144,
        145,
        146,
        147
    ],
    "distance_series": [
        [
            0.248,
            0.257,
            0.261,
            0.261
        ],
        [
            0.25,
            0.253,
            0.258,
            0.258
        ],
        [
            0.252,
            0.249,
            0.257,
            0.261
        ],
        [
            0.255,
            0.253,
            0.259,
            0.269
        ],
        [
            0.258,
            0.251,
            0.261,
            0.269
        ],
        [
            0.255,
            0.254,
            0.263,
            0.27
        ],
        [
            0.253,
            0.255,
            0.261,
            0.262
        ],
        [
            0.254,
            0.255,
            0.257,
            0.259
        ],
        [
            0.258,
            0.254,
            0.262,
            0.26
        ],
        [
            0.257,
            0.258,
            0.263,
            0.26
        ],
        [
            0.254,
            0.259,
            0.262,
            0.262
        ],
        [
            0.254,
            0.257,
            0.258,
            0.265
        ],
        [
            0.255,
            0.259,
            0.258,
            0.265
        ],
        [
            0.256,
            0.257,
            0.259,
            0.272
        ],
        [
            0.256,
            0.257,
            0.26,
            0.269
        ],
        [
            0.258,
            0.258,
            0.26,
            0.266
        ],
        [
            0.261,
            0.258,
            0.263,
            0.265
        ],
        [
            0.259,
            0.256,
            0.261,
            0.267
        ],
        [
            0.259,
            0.257,
            0.257,
            0.264
        ],
        [
            0.255,
            0.26,
            0.258,
            0.263
        ],
        [
            0.257,
            0.26,
            0.257,
            0.263
        ],
        [
            0.257,
            0.259,
            0.262,
            0.26
        ],
        [
            0.259,
            0.256,
            0.266,
            0.261
        ],
        [
            0.258,
            0.256,
            0.268,
            0.261
        ],
        [
            0.26,
            0.26,
            0.266,
            0.267
        ],
        [
            0.258,
            0.258,
            0.266,
            0.259
        ],
        [
            0.26,
            0.255,
            0.264,
            0.262
        ],
        [
            0.26,
            0.259,
            0.258,
            0.262
        ],
        [
            0.26,
            0.258,
            0.258,
            0.26
        ],
        [
            0.255,
            0.262,
            0.265,
            0.268
        ],
        [
            0.255,
            0.265,
            0.265,
            0.271
        ],
        [
            0.26,
            0.261,
            0.268,
            0.267
        ],
        [
            0.257,
            0.262,
            0.271,
            0.268
        ],
        [
            0.257,
            0.262,
            0.266,
            0.269
        ],
        [
            0.25,
            0.261,
            0.263,
            0.264
        ],
        [
            0.266,
            0.28,
            0.269,
            0.264
        ],
        [
            0.29,
            0.302,
            0.29,
            0.289
        ],
        [
            0.319,
            0.323,
            0.312,
            0.308
        ],
        [
            0.348,
            0.352,
            0.339,
            0.325
        ],
        [
            0.35,
            0.352,
            0.347,
            0.35
        ],
        [
            0.349,
            0.349,
            0.351,
            0.348
        ],
        [
            0.348,
            0.349,
            0.353,
            0.346
        ],
        [
            0.344,
            0.347,
            0.352,
            0.345
        ],
        [
            0.345,
            0.353,
            0.35,
            0.347
        ],
        [
            0.346,
            0.358,
            0.352,
            0.349
        ],
        [
            0.345,
            0.357,
            0.349,
            0.348
        ]
    ],
    "timestamp": "2026-02-26T03:22:31.065955",
    "label": "not_bee"
}