{
    "event_type": "flower_visit",
    "event_id": "flower_1_20260226031357802997",
    "flower_id": "flower_1",
    "background_dist": 0.35,
    "start_time": 1772097236.136929,
    "end_time": 1772097237.80286,
    "num_scans": 25,
    "angles": [
        144,
        145,
        146,
        147
    ],
    "distance_series": [
        [
            0.307,
            0.302,
            0.308,
            0.337
        ],
        [
            0.316,
            0.304,
            0.303,
            0.335
        ],
        [
            0.322,
            0.305,
            0.301,
            0.331
        ],
        [
            0.321,
            0.306,
            0.304,
            0.331
        ],
        [
            0.316,
            0.306,
            0.306,
            0.337
        ],
        [
            0.312,
            0.307,
            0.31,
            0.339
        ],
        [
            0.302,
            0.306,
            0.312,
            0.339
        ],
        [
            0.299,
            0.305,
            0.315,
            0.34
        ],
        [
            0.304,
            0.305,
            0.319,
            0.339
        ],
        [
            0.309,
            0.307,
            0.317,
            0.339
        ],
        [
            0.323,
            0.309,
            0.313,
            0.336
        ],
        [
            0.332,
            0.308,
            0.311,
            0.329
        ],
        [
            0.341,
            0.314,
            0.31,
            0.322
        ],
        [
            0.345,
            0.317,
            0.31,
            0.316
        ],
        [
            0.344,
            0.323,
            0.313,
            0.313
        ],
        [
            0.349,
            0.326,
            0.308,
            0.303
        ],
        [
            0.352,
            0.33,
            0.312,
            0.306
        ],
        [
            0.349,
            0.332,
            0.326,
            0.323
        ],
        [
            0.348,
            0.34,
            0.34,
            0.333
        ],
        [
            0.35,
            0.35,
            0.348,
            0.348
        ],
        [
            0.347,
            0.345,
            0.347,
            0.353
        ],
        [
            0.347,
            0.344,
            0.347,
            0.349
        ],
        [
            0.346,
            0.345,
            0.352,
            0.348
        ],
        [
            0.344,
            0.344,
            0.354,
            0.346
        ],
        [
            0.349,
            0.347,
            0.352,
            0.343
        ]
    ],
    "timestamp": "2026-02-26T03:13:57.803087",
    "label": "bee"
}