{
    "event_type": "flower_visit",
    "event_id": "flower_1_20260226032355130618",
    "flower_id": "flower_1",
    "background_dist": 0.35,
    "start_time": 1772097830.331127,
    "end_time": 1772097835.130462,
    "num_scans": 72,
    "angles": [
        144,
        145,
        146,
        147
    ],
    "distance_series": [
        [
            0.309,
            0.307,
            0.303,
            0.289
        ],
        [
            0.308,
            0.313,
            0.315,
            0.302
        ],
        [
            0.313,
            0.324,
            0.321,
            0.312
        ],
        [
            0.31,
            0.31,
            0.312,
            0.314
        ],
        [
            0.313,
            0.311,
            0.319,
            0.326
        ],
        [
            0.321,
            0.32,
            0.326,
            0.316
        ],
        [
            0.32,
            0.313,
            0.317,
            0.306
        ],
        [
            0.312,
            0.32,
            0.317,
            0.315
        ],
        [
            0.302,
            0.311,
            0.304,
            0.311
        ],
        [
            0.301,
            0.305,
            0.292,
            0.309
        ],
        [
            0.3,
            0.299,
            0.298,
            0.31
        ],
        [
            0.306,
            0.307,
            0.3,
            0.305
        ],
        [
            0.31,
            0.313,
            0.314,
            0.311
        ],
        [
            0.305,
            0.305,
            0.314,
            0.316
        ],
        [
            0.308,
            0.308,
            0.318,
            0.316
        ],
        [
            0.301,
            0.299,
            0.314,
            0.319
        ],
        [
            0.304,
            0.306,
            0.312,
            0.318
        ],
        [
            0.3,
            0.307,
            0.306,
            0.319
        ],
        [
            0.297,
            0.303,
            0.315,
            0.329
        ],
        [
            0.303,
            0.315,
            0.323,
            0.336
        ],
        [
            0.297,
            0.306,
            0.319,
            0.337
        ],
        [
            0.308,
            0.313,
            0.329,
            0.333
        ],
        [
            0.315,
            0.319,
            0.32,
            0.322
        ],
        [
            0.313,
            0.32,
            0.319,
            0.322
        ],
        [
            0.308,
            0.316,
            0.315,
            0.32
        ],
        [
            0.312,
            0.317,
            0.306,
            0.313
        ],
        [
            0.314,
            0.323,
            0.32,
            0.329
        ],
        [
            0.3,
            0.318,
            0.321,
            0.326
        ],
        [
            0.311,
            0.331,
            0.326,
            0.324
        ],
        [
            0.3,
            0.327,
            0.336,
            0.338
        ],
        [
            0.302,
            0.324,
            0.338,
            0.341
        ],
        [
            0.314,
            0.324,
            0.328,
            0.332
        ],
        [
            0.303,
            0.319,
            0.339,
            0.337
        ],
        [
            0.319,
            0.327,
            0.339,
            0.337
        ],
        [
            0.313,
            0.319,
            0.332,
            0.318
        ],
        [
            0.307,
            0.313,
            0.324,
            0.326
        ],
        [
            0.323,
            0.32,
            0.331,
            0.321
        ],
        [
            0.317,
            0.317,
            0.32,
            0.318
        ],
        [
            0.315,
            0.315,
            0.321,
            0.323
        ],
        [
            0.307,
            0.318,
            0.336,
            0.329
        ],
        [
            0.304,
            0.311,
            0.321,
            0.32
        ],
        [
            0.304,
            0.31,
            0.325,
            0.315
        ],
        [
            0.293,
            0.301,
            0.32,
            0.324
        ],
        [
            0.298,
            0.305,
            0.308,
            0.32
        ],
        [
            0.3,
            0.308,
            0.308,
            0.321
        ],
        [
            0.289,
            0.3,
            0.301,
            0.329
        ],
        [
            0.302,
            0.32,
            0.314,
            0.332
        ],
        [
            0.309,
            0.314,
            0.316,
            0.327
        ],
        [
            0.302,
            0.309,
            0.311,
            0.32
        ],
        [
            0.303,
            0.322,
            0.325,
            0.32
        ],
        [
            0.297,
            0.302,
            0.312,
            0.305
        ],
        [
            0.301,
            0.316,
            0.321,
            0.312
        ],
        [
            0.296,
            0.31,
            0.311,
            0.309
        ],
        [
            0.304,
            0.306,
            0.292,
            0.29
        ],
        [
            0.306,
            0.308,
            0.298,
            0.291
        ],
        [
            0.298,
            0.303,
            0.288,
            0.284
        ],
        [
            0.309,
            0.32,
            0.308,
            0.302
        ],
        [
            0.306,
            0.323,
            0.318,
            0.314
        ],
        [
            0.297,
            0.32,
            0.319,
            0.315
        ],
        [
            0.295,
            0.313,
            0.31,
            0.312
        ],
        [
            0.283,
            0.301,
            0.312,
            0.309
        ],
        [
            0.289,
            0.305,
            0.312,
            0.315
        ],
        [
            0.298,
            0.315,
            0.317,
            0.327
        ],
        [
            0.314,
            0.335,
            0.34,
            0.344
        ],
        [
            0.335,
            0.342,
            0.341,
            0.343
        ],
        [
            0.346,
            0.354,
            0.354,
            0.347
        ],
        [
            0.349,
            0.353,
            0.35,
            0.345
        ],
        [
            0.348,
            0.353,
            0.349,
            0.345
        ],
        [
            0.345,
            0.349,
            0.348,
            0.345
        ],
        [
            0.346,
            0.348,
            0.352,
            0.348
        ],
        [
            0.348,
            0.346,
            0.358,
            0.349
        ],
        [
            0.346,
            0.349,
            0.353,
            0.351
        ]
    ],
    "timestamp": "2026-02-26T03:23:55.130705",
    "label": "not_bee"
}