{
    "event_type": "flower_visit",
    "event_id": "flower_1_20260226031036872468",
    "flower_id": "flower_1",
    "background_dist": 0.35,
    "start_time": 1772097034.9383838,
    "end_time": 1772097036.872332,
    "num_scans": 29,
    "angles": [
        144,
        145,
        146,
        147
    ],
    "distance_series": [
        [
            0.311,
            0.322,
            0.326,
            0.321
        ],
        [
            0.313,
            0.317,
            0.318,
            0.32
        ],
        [
            0.31,
            0.316,
            0.31,
            0.314
        ],
        [
            0.306,
            0.31,
            0.308,
            0.309
        ],
        [
            0.305,
            0.305,
            0.305,
            0.308
        ],
        [
            0.301,
            0.303,
            0.311,
            0.304
        ],
        [
            0.3,
            0.307,
            0.319,
            0.315
        ],
        [
            0.301,
            0.312,
            0.33,
            0.326
        ],
        [
            0.303,
            0.314,
            0.337,
            0.335
        ],
        [
            0.309,
            0.326,
            0.344,
            0.34
        ],
        [
            0.309,
            0.325,
            0.34,
            0.335
        ],
        [
            0.314,
            0.323,
            0.329,
            0.328
        ],
        [
            0.315,
            0.321,
            0.324,
            0.324
        ],
        [
            0.313,
            0.316,
            0.317,
            0.315
        ],
        [
            0.313,
            0.312,
            0.31,
            0.311
        ],
        [
            0.306,
            0.309,
            0.308,
            0.305
        ],
        [
            0.3,
            0.31,
            0.31,
            0.307
        ],
        [
            0.299,
            0.315,
            0.314,
            0.313
        ],
        [
            0.295,
            0.313,
            0.322,
            0.323
        ],
        [
            0.306,
            0.32,
            0.334,
            0.337
        ],
        [
            0.31,
            0.328,
            0.342,
            0.342
        ],
        [
            0.325,
            0.334,
            0.351,
            0.346
        ],
        [
            0.339,
            0.345,
            0.351,
            0.352
        ],
        [
            0.354,
            0.352,
            0.354,
            0.35
        ],
        [
            0.353,
            0.354,
            0.354,
            0.341
        ],
        [
            0.353,
            0.352,
            0.353,
            0.344
        ],
        [
            0.349,
            0.353,
            0.359,
            0.345
        ],
        [
            0.348,
            0.354,
            0.355,
            0.344
        ],
        [
            0.344,
            0.355,
            0.355,
            0.347
        ]
    ],
    "timestamp": "2026-02-26T03:10:36.872549",
    "label": "bee"
}