{
    "event_type": "flower_visit",
    "event_id": "flower_1_20260226032820461160",
    "flower_id": "flower_1",
    "background_dist": 0.35,
    "start_time": 1772098098.194956,
    "end_time": 1772098100.461094,
    "num_scans": 34,
    "angles": [
        144,
        145,
        146,
        147
    ],
    "distance_series": [
        [
            0.235,
            0.238,
            0.244,
            0.251
        ],
        [
            0.233,
            0.238,
            0.243,
            0.242
        ],
        [
            0.224,
            0.241,
            0.24,
            0.239
        ],
        [
            0.227,
            0.236,
            0.245,
            0.238
        ],
        [
            0.232,
            0.238,
            0.237,
            0.236
        ],
        [
            0.228,
            0.236,
            0.237,
            0.24
        ],
        [
            0.225,
            0.237,
            0.242,
            0.238
        ],
        [
            0.222,
            0.234,
            0.238,
            0.244
        ],
        [
            0.219,
            0.233,
            0.239,
            0.242
        ],
        [
            0.226,
            0.237,
            0.237,
            0.239
        ],
        [
            0.222,
            0.237,
            0.239,
            0.237
        ],
        [
            0.222,
            0.243,
            0.237,
            0.24
        ],
        [
            0.225,
            0.242,
            0.239,
            0.241
        ],
        [
            0.228,
            0.232,
            0.242,
            0.246
        ],
        [
            0.226,
            0.229,
            0.24,
            0.241
        ],
        [
            0.216,
            0.224,
            0.24,
            0.241
        ],
        [
            0.217,
            0.228,
            0.235,
            0.239
        ],
        [
            0.213,
            0.224,
            0.233,
            0.24
        ],
        [
            0.219,
            0.226,
            0.234,
            0.243
        ],
        [
            0.223,
            0.226,
            0.232,
            0.24
        ],
        [
            0.221,
            0.226,
            0.235,
            0.241
        ],
        [
            0.228,
            0.228,
            0.242,
            0.242
        ],
        [
            0.22,
            0.231,
            0.237,
            0.24
        ],
        [
            0.242,
            0.263,
            0.269,
            0.267
        ],
        [
            0.273,
            0.295,
            0.299,
            0.293
        ],
        [
            0.312,
            0.318,
            0.324,
            0.317
        ],
        [
            0.346,
            0.35,
            0.355,
            0.345
        ],
        [
            0.348,
            0.353,
            0.355,
            0.351
        ],
        [
            0.349,
            0.354,
            0.354,
            0.351
        ],
        [
            0.348,
            0.356,
            0.356,
            0.349
        ],
        [
            0.352,
            0.359,
            0.355,
            0.349
        ],
        [
            0.35,
            0.355,
            0.352,
            0.345
        ],
        [
            0.347,
            0.354,
            0.354,
            0.348
        ],
        [
            0.348,
            0.351,
            0.351,
            0.35
        ]
    ],
    "timestamp": "2026-02-26T03:28:20.461206",
    "label": "not_bee"
}