{
    "event_type": "flower_visit",
    "event_id": "flower_1_20260226032540396175",
    "flower_id": "flower_1",
    "background_dist": 0.35,
    "start_time": 1772097938.396014,
    "end_time": 1772097940.396035,
    "num_scans": 30,
    "angles": [
        144,
        145,
        146,
        147
    ],
    "distance_series": [
        [
            0.271,
            0.271,
            0.275,
            0.268
        ],
        [
            0.265,
            0.272,
            0.27,
            0.269
        ],
        [
            0.268,
            0.275,
            0.269,
            0.27
        ],
        [
            0.272,
            0.274,
            0.269,
            0.269
        ],
        [
            0.273,
            0.269,
            0.266,
            0.268
        ],
        [
            0.276,
            0.272,
            0.27,
            0.271
        ],
        [
            0.275,
            0.272,
            0.273,
            0.274
        ],
        [
            0.273,
            0.275,
            0.274,
            0.274
        ],
        [
            0.278,
            0.277,
            0.277,
            0.273
        ],
        [
            0.28,
            0.275,
            0.282,
            0.275
        ],
        [
            0.28,
            0.276,
            0.279,
            0.279
        ],
        [
            0.28,
            0.279,
            0.278,
            0.274
        ],
        [
            0.276,
            0.279,
            0.275,
            0.279
        ],
        [
            0.275,
            0.277,
            0.271,
            0.281
        ],
        [
            0.275,
            0.27,
            0.274,
            0.275
        ],
        [
            0.274,
            0.268,
            0.276,
            0.273
        ],
        [
            0.272,
            0.271,
            0.281,
            0.276
        ],
        [
            0.271,
            0.269,
            0.283,
            0.27
        ],
        [
            0.27,
            0.27,
            0.282,
            0.27
        ],
        [
            0.264,
            0.265,
            0.277,
            0.266
        ],
        [
            0.286,
            0.286,
            0.293,
            0.29
        ],
        [
            0.303,
            0.308,
            0.308,
            0.31
        ],
        [
            0.325,
            0.328,
            0.328,
            0.325
        ],
        [
            0.345,
            0.352,
            0.349,
            0.344
        ],
        [
            0.345,
            0.352,
            0.352,
            0.345
        ],
        [
            0.344,
            0.349,
            0.353,
            0.346
        ],
        [
            0.347,
            0.349,
            0.349,
            0.346
        ],
        [
            0.351,
            0.346,
            0.354,
            0.347
        ],
        [
            0.347,
            0.35,
            0.35,
            0.349
        ],
        [
            0.35,
            0.352,
            0.351,
            0.35
        ]
    ],
    "timestamp": "2026-02-26T03:25:40.396263",
    "label": "not_bee"
}