{
    "event_type": "flower_visit",
    "event_id": "flower_1_20260226032415530972",
    "flower_id": "flower_1",
    "background_dist": 0.35,
    "start_time": 1772097853.2640781,
    "end_time": 1772097855.530825,
    "num_scans": 34,
    "angles": [
        144,
        145,
        146,
        147
    ],
    "distance_series": [
        [
            0.274,
            0.27,
            0.278,
            0.27
        ],
        [
            0.271,
            0.27,
            0.278,
            0.27
        ],
        [
            0.272,
            0.275,
            0.273,
            0.273
        ],
        [
            0.272,
            0.276,
            0.278,
            0.275
        ],
        [
            0.272,
            0.275,
            0.281,
            0.278
        ],
        [
            0.273,
            0.28,
            0.28,
            0.28
        ],
        [
            0.268,
            0.278,
            0.275,
            0.274
        ],
        [
            0.273,
            0.276,
            0.271,
            0.272
        ],
        [
            0.275,
            0.276,
            0.272,
            0.276
        ],
        [
            0.274,
            0.276,
            0.275,
            0.28
        ],
        [
            0.275,
            0.279,
            0.278,
            0.287
        ],
        [
            0.27,
            0.276,
            0.281,
            0.286
        ],
        [
            0.271,
            0.281,
            0.279,
            0.286
        ],
        [
            0.276,
            0.278,
            0.28,
            0.28
        ],
        [
            0.275,
            0.281,
            0.276,
            0.28
        ],
        [
            0.276,
            0.279,
            0.277,
            0.281
        ],
        [
            0.274,
            0.278,
            0.278,
            0.277
        ],
        [
            0.271,
            0.279,
            0.282,
            0.277
        ],
        [
            0.274,
            0.278,
            0.279,
            0.272
        ],
        [
            0.273,
            0.278,
            0.28,
            0.277
        ],
        [
            0.275,
            0.275,
            0.28,
            0.272
        ],
        [
            0.272,
            0.277,
            0.274,
            0.269
        ],
        [
            0.265,
            0.269,
            0.271,
            0.266
        ],
        [
            0.259,
            0.287,
            0.287,
            0.279
        ],
        [
            0.277,
            0.307,
            0.302,
            0.298
        ],
        [
            0.298,
            0.324,
            0.323,
            0.322
        ],
        [
            0.32,
            0.351,
            0.349,
            0.344
        ],
        [
            0.345,
            0.353,
            0.352,
            0.346
        ],
        [
            0.343,
            0.349,
            0.348,
            0.351
        ],
        [
            0.34,
            0.354,
            0.349,
            0.349
        ],
        [
            0.339,
            0.357,
            0.351,
            0.351
        ],
        [
            0.342,
            0.357,
            0.349,
            0.352
        ],
        [
            0.34,
            0.36,
            0.351,
            0.347
        ],
        [
            0.343,
            0.358,
            0.355,
            0.346
        ]
    ],
    "timestamp": "2026-02-26T03:24:15.531057",
    "label": "not_bee"
}