{
    "event_type": "flower_visit",
    "event_id": "flower_1_20260226030835472558",
    "flower_id": "flower_1",
    "background_dist": 0.35,
    "start_time": 1772096913.4058418,
    "end_time": 1772096915.4724228,
    "num_scans": 31,
    "angles": [
        144,
        145,
        146,
        147
    ],
    "distance_series": [
        [
            0.33,
            0.323,
            0.316,
            0.313
        ],
        [
            0.334,
            0.332,
            0.326,
            0.315
        ],
        [
            0.341,
            0.341,
            0.331,
            0.312
        ],
        [
            0.345,
            0.346,
            0.335,
            0.31
        ],
        [
            0.342,
            0.346,
            0.333,
            0.304
        ],
        [
            0.348,
            0.347,
            0.33,
            0.298
        ],
        [
            0.346,
            0.343,
            0.33,
            0.294
        ],
        [
            0.346,
            0.338,
            0.322,
            0.281
        ],
        [
            0.342,
            0.331,
            0.316,
            0.283
        ],
        [
            0.33,
            0.32,
            0.307,
            0.288
        ],
        [
            0.322,
            0.316,
            0.311,
            0.289
        ],
        [
            0.318,
            0.314,
            0.312,
            0.302
        ],
        [
            0.323,
            0.317,
            0.321,
            0.31
        ],
        [
            0.333,
            0.326,
            0.329,
            0.314
        ],
        [
            0.34,
            0.333,
            0.335,
            0.314
        ],
        [
            0.337,
            0.348,
            0.334,
            0.312
        ],
        [
            0.335,
            0.349,
            0.335,
            0.305
        ],
        [
            0.333,
            0.35,
            0.339,
            0.301
        ],
        [
            0.333,
            0.35,
            0.339,
            0.293
        ],
        [
            0.335,
            0.345,
            0.331,
            0.283
        ],
        [
            0.336,
            0.336,
            0.32,
            0.289
        ],
        [
            0.333,
            0.328,
            0.316,
            0.294
        ],
        [
            0.334,
            0.33,
            0.318,
            0.309
        ],
        [
            0.336,
            0.329,
            0.327,
            0.329
        ],
        [
            0.339,
            0.341,
            0.34,
            0.338
        ],
        [
            0.343,
            0.351,
            0.35,
            0.347
        ],
        [
            0.342,
            0.357,
            0.356,
            0.349
        ],
        [
            0.342,
            0.356,
            0.359,
            0.346
        ],
        [
            0.343,
            0.354,
            0.357,
            0.351
        ],
        [
            0.342,
            0.352,
            0.355,
            0.348
        ],
        [
            0.348,
            0.353,
            0.356,
            0.353
        ]
    ],
    "timestamp": "2026-02-26T03:08:35.472651",
    "label": "bee"
}