{
    "event_type": "flower_visit",
    "event_id": "flower_1_20260226030518942171",
    "flower_id": "flower_1",
    "background_dist": 0.35,
    "start_time": 1772096716.675209,
    "end_time": 1772096718.9420302,
    "num_scans": 34,
    "angles": [
        144,
        145,
        146,
        147
    ],
    "distance_series": [
        [
            0.343,
            0.351,
            0.333,
            0.296
        ],
        [
            0.343,
            0.338,
            0.322,
            0.287
        ],
        [
            0.344,
            0.327,
            0.314,
            0.287
        ],
        [
            0.339,
            0.317,
            0.306,
            0.286
        ],
        [
            0.335,
            0.306,
            0.299,
            0.288
        ],
        [
            0.334,
            0.305,
            0.299,
            0.289
        ],
        [
            0.332,
            0.315,
            0.304,
            0.294
        ],
        [
            0.339,
            0.328,
            0.306,
            0.298
        ],
        [
            0.344,
            0.341,
            0.309,
            0.298
        ],
        [
            0.343,
            0.347,
            0.316,
            0.304
        ],
        [
            0.343,
            0.348,
            0.325,
            0.302
        ],
        [
            0.343,
            0.349,
            0.329,
            0.301
        ],
        [
            0.344,
            0.349,
            0.332,
            0.303
        ],
        [
            0.345,
            0.346,
            0.331,
            0.3
        ],
        [
            0.346,
            0.345,
            0.324,
            0.293
        ],
        [
            0.345,
            0.335,
            0.311,
            0.293
        ],
        [
            0.342,
            0.321,
            0.306,
            0.289
        ],
        [
            0.343,
            0.314,
            0.305,
            0.288
        ],
        [
            0.341,
            0.316,
            0.308,
            0.289
        ],
        [
            0.342,
            0.325,
            0.319,
            0.295
        ],
        [
            0.343,
            0.335,
            0.325,
            0.293
        ],
        [
            0.341,
            0.345,
            0.335,
            0.292
        ],
        [
            0.345,
            0.35,
            0.338,
            0.292
        ],
        [
            0.341,
            0.352,
            0.337,
            0.293
        ],
        [
            0.341,
            0.352,
            0.342,
            0.293
        ],
        [
            0.342,
            0.347,
            0.342,
            0.302
        ],
        [
            0.342,
            0.346,
            0.344,
            0.322
        ],
        [
            0.344,
            0.346,
            0.353,
            0.334
        ],
        [
            0.343,
            0.347,
            0.351,
            0.346
        ],
        [
            0.344,
            0.351,
            0.352,
            0.348
        ],
        [
            0.345,
            0.355,
            0.35,
            0.347
        ],
        [
            0.345,
            0.354,
            0.346,
            0.348
        ],
        [
            0.344,
            0.351,
            0.353,
            0.348
        ],
        [
            0.343,
            0.352,
            0.349,
            0.346
        ]
    ],
    "timestamp": "2026-02-26T03:05:18.942259",
    "label": "bee"
}