{
    "event_type": "flower_visit",
    "event_id": "flower_1_20260226030643874085",
    "flower_id": "flower_1",
    "background_dist": 0.35,
    "start_time": 1772096801.8736799,
    "end_time": 1772096803.87395,
    "num_scans": 30,
    "angles": [
        144,
        145,
        146,
        147
    ],
    "distance_series": [
        [
            0.335,
            0.346,
            0.348,
            0.319
        ],
        [
            0.338,
            0.344,
            0.353,
            0.319
        ],
        [
            0.338,
            0.343,
            0.347,
            0.317
        ],
        [
            0.34,
            0.342,
            0.347,
            0.315
        ],
        [
            0.339,
            0.339,
            0.34,
            0.311
        ],
        [
            0.338,
            0.34,
            0.333,
            0.309
        ],
        [
            0.341,
            0.342,
            0.327,
            0.305
        ],
        [
            0.338,
            0.339,
            0.331,
            0.301
        ],
        [
            0.342,
            0.34,
            0.338,
            0.299
        ],
        [
            0.346,
            0.341,
            0.343,
            0.302
        ],
        [
            0.344,
            0.342,
            0.35,
            0.311
        ],
        [
            0.342,
            0.341,
            0.346,
            0.319
        ],
        [
            0.341,
            0.344,
            0.346,
            0.324
        ],
        [
            0.335,
            0.343,
            0.344,
            0.322
        ],
        [
            0.337,
            0.345,
            0.343,
            0.315
        ],
        [
            0.34,
            0.346,
            0.345,
            0.307
        ],
        [
            0.344,
            0.348,
            0.339,
            0.306
        ],
        [
            0.347,
            0.345,
            0.336,
            0.303
        ],
        [
            0.348,
            0.348,
            0.333,
            0.301
        ],
        [
            0.348,
            0.354,
            0.334,
            0.303
        ],
        [
            0.347,
            0.346,
            0.341,
            0.306
        ],
        [
            0.344,
            0.348,
            0.344,
            0.314
        ],
        [
            0.341,
            0.349,
            0.347,
            0.318
        ],
        [
            0.343,
            0.349,
            0.347,
            0.325
        ],
        [
            0.342,
            0.349,
            0.347,
            0.328
        ],
        [
            0.34,
            0.349,
            0.343,
            0.331
        ],
        [
            0.341,
            0.35,
            0.342,
            0.336
        ],
        [
            0.342,
            0.353,
            0.345,
            0.338
        ],
        [
            0.343,
            0.355,
            0.352,
            0.351
        ],
        [
            0.343,
            0.358,
            0.348,
            0.351
        ]
    ],
    "timestamp": "2026-02-26T03:06:43.874176",
    "label": "bee"
}