{
    "event_type": "flower_visit",
    "event_id": "flower_1_20260226031352869697",
    "flower_id": "flower_1",
    "background_dist": 0.35,
    "start_time": 1772097230.602575,
    "end_time": 1772097232.869549,
    "num_scans": 34,
    "angles": [
        144,
        145,
        146,
        147
    ],
    "distance_series": [
        [
            0.328,
            0.307,
            0.309,
            0.331
        ],
        [
            0.335,
            0.313,
            0.31,
            0.319
        ],
        [
            0.343,
            0.314,
            0.31,
            0.312
        ],
        [
            0.344,
            0.323,
            0.309,
            0.31
        ],
        [
            0.341,
            0.32,
            0.314,
            0.308
        ],
        [
            0.339,
            0.322,
            0.318,
            0.309
        ],
        [
            0.337,
            0.326,
            0.32,
            0.308
        ],
        [
            0.334,
            0.332,
            0.325,
            0.306
        ],
        [
            0.338,
            0.338,
            0.328,
            0.306
        ],
        [
            0.344,
            0.344,
            0.33,
            0.305
        ],
        [
            0.345,
            0.349,
            0.331,
            0.306
        ],
        [
            0.346,
            0.342,
            0.331,
            0.307
        ],
        [
            0.346,
            0.346,
            0.335,
            0.304
        ],
        [
            0.344,
            0.348,
            0.339,
            0.304
        ],
        [
            0.35,
            0.346,
            0.341,
            0.301
        ],
        [
            0.349,
            0.346,
            0.339,
            0.3
        ],
        [
            0.348,
            0.343,
            0.334,
            0.303
        ],
        [
            0.347,
            0.341,
            0.331,
            0.304
        ],
        [
            0.345,
            0.341,
            0.329,
            0.307
        ],
        [
            0.341,
            0.346,
            0.325,
            0.307
        ],
        [
            0.341,
            0.344,
            0.324,
            0.306
        ],
        [
            0.338,
            0.35,
            0.328,
            0.306
        ],
        [
            0.344,
            0.357,
            0.329,
            0.304
        ],
        [
            0.347,
            0.358,
            0.335,
            0.304
        ],
        [
            0.341,
            0.355,
            0.337,
            0.3
        ],
        [
            0.346,
            0.352,
            0.341,
            0.303
        ],
        [
            0.345,
            0.351,
            0.346,
            0.316
        ],
        [
            0.346,
            0.351,
            0.351,
            0.329
        ],
        [
            0.349,
            0.349,
            0.354,
            0.341
        ],
        [
            0.351,
            0.348,
            0.352,
            0.347
        ],
        [
            0.348,
            0.35,
            0.35,
            0.35
        ],
        [
            0.35,
            0.353,
            0.354,
            0.352
        ],
        [
            0.347,
            0.352,
            0.355,
            0.354
        ],
        [
            0.345,
            0.354,
            0.358,
            0.355
        ]
    ],
    "timestamp": "2026-02-26T03:13:52.869792",
    "label": "bee"
}