{
    "event_type": "flower_visit",
    "event_id": "flower_1_20260226032251131699",
    "flower_id": "flower_1",
    "background_dist": 0.35,
    "start_time": 1772097768.33089,
    "end_time": 1772097771.131551,
    "num_scans": 42,
    "angles": [
        144,
        145,
        146,
        147
    ],
    "distance_series": [
        [
            0.281,
            0.274,
            0.277,
            0.274
        ],
        [
            0.28,
            0.273,
            0.274,
            0.277
        ],
        [
            0.278,
            0.272,
            0.271,
            0.279
        ],
        [
            0.272,
            0.273,
            0.271,
            0.28
        ],
        [
            0.274,
            0.273,
            0.275,
            0.28
        ],
        [
            0.279,
            0.273,
            0.276,
            0.279
        ],
        [
            0.281,
            0.277,
            0.278,
            0.28
        ],
        [
            0.281,
            0.276,
            0.28,
            0.279
        ],
        [
            0.281,
            0.277,
            0.278,
            0.278
        ],
        [
            0.278,
            0.274,
            0.279,
            0.275
        ],
        [
            0.279,
            0.272,
            0.279,
            0.275
        ],
        [
            0.272,
            0.272,
            0.278,
            0.275
        ],
        [
            0.274,
            0.272,
            0.277,
            0.275
        ],
        [
            0.275,
            0.272,
            0.276,
            0.273
        ],
        [
            0.275,
            0.276,
            0.278,
            0.272
        ],
        [
            0.274,
            0.279,
            0.277,
            0.278
        ],
        [
            0.273,
            0.281,
            0.275,
            0.275
        ],
        [
            0.27,
            0.283,
            0.273,
            0.275
        ],
        [
            0.271,
            0.281,
            0.27,
            0.272
        ],
        [
            0.272,
            0.276,
            0.274,
            0.269
        ],
        [
            0.277,
            0.274,
            0.278,
            0.269
        ],
        [
            0.279,
            0.271,
            0.279,
            0.27
        ],
        [
            0.277,
            0.269,
            0.28,
            0.274
        ],
        [
            0.277,
            0.268,
            0.277,
            0.274
        ],
        [
            0.275,
            0.267,
            0.279,
            0.271
        ],
        [
            0.273,
            0.272,
            0.279,
            0.274
        ],
        [
            0.273,
            0.274,
            0.276,
            0.271
        ],
        [
            0.275,
            0.274,
            0.274,
            0.266
        ],
        [
            0.276,
            0.277,
            0.272,
            0.272
        ],
        [
            0.273,
            0.279,
            0.27,
            0.269
        ],
        [
            0.271,
            0.28,
            0.27,
            0.272
        ],
        [
            0.269,
            0.273,
            0.267,
            0.272
        ],
        [
            0.283,
            0.291,
            0.284,
            0.286
        ],
        [
            0.303,
            0.312,
            0.304,
            0.305
        ],
        [
            0.323,
            0.332,
            0.325,
            0.318
        ],
        [
            0.343,
            0.356,
            0.347,
            0.336
        ],
        [
            0.345,
            0.35,
            0.347,
            0.343
        ],
        [
            0.346,
            0.35,
            0.345,
            0.344
        ],
        [
            0.347,
            0.351,
            0.342,
            0.345
        ],
        [
            0.348,
            0.347,
            0.345,
            0.343
        ],
        [
            0.349,
            0.351,
            0.348,
            0.34
        ],
        [
            0.35,
            0.352,
            0.349,
            0.345
        ]
    ],
    "timestamp": "2026-02-26T03:22:51.131788",
    "label": "not_bee"
}