{
    "event_type": "flower_visit",
    "event_id": "flower_1_20260226032545796168",
    "flower_id": "flower_1",
    "background_dist": 0.35,
    "start_time": 1772097943.396447,
    "end_time": 1772097945.796021,
    "num_scans": 36,
    "angles": [
        144,
        145,
        146,
        147
    ],
    "distance_series": [
        [
            0.221,
            0.219,
            0.226,
            0.241
        ],
        [
            0.228,
            0.225,
            0.232,
            0.241
        ],
        [
            0.228,
            0.234,
            0.236,
            0.241
        ],
        [
            0.233,
            0.241,
            0.244,
            0.241
        ],
        [
            0.238,
            0.248,
            0.246,
            0.239
        ],
        [
            0.234,
            0.252,
            0.247,
            0.242
        ],
        [
            0.235,
            0.253,
            0.251,
            0.244
        ],
        [
            0.238,
            0.254,
            0.254,
            0.248
        ],
        [
            0.238,
            0.259,
            0.26,
            0.251
        ],
        [
            0.245,
            0.253,
            0.262,
            0.252
        ],
        [
            0.244,
            0.259,
            0.262,
            0.254
        ],
        [
            0.243,
            0.257,
            0.261,
            0.256
        ],
        [
            0.243,
            0.255,
            0.257,
            0.257
        ],
        [
            0.24,
            0.257,
            0.257,
            0.255
        ],
        [
            0.239,
            0.256,
            0.252,
            0.256
        ],
        [
            0.238,
            0.253,
            0.254,
            0.254
        ],
        [
            0.241,
            0.254,
            0.255,
            0.248
        ],
        [
            0.24,
            0.248,
            0.254,
            0.246
        ],
        [
            0.244,
            0.242,
            0.252,
            0.237
        ],
        [
            0.243,
            0.242,
            0.246,
            0.234
        ],
        [
            0.243,
            0.23,
            0.238,
            0.228
        ],
        [
            0.241,
            0.229,
            0.238,
            0.222
        ],
        [
            0.239,
            0.23,
            0.236,
            0.222
        ],
        [
            0.241,
            0.228,
            0.23,
            0.219
        ],
        [
            0.238,
            0.233,
            0.228,
            0.219
        ],
        [
            0.255,
            0.257,
            0.253,
            0.248
        ],
        [
            0.282,
            0.287,
            0.283,
            0.28
        ],
        [
            0.32,
            0.324,
            0.321,
            0.314
        ],
        [
            0.346,
            0.353,
            0.353,
            0.346
        ],
        [
            0.347,
            0.35,
            0.355,
            0.345
        ],
        [
            0.343,
            0.346,
            0.354,
            0.344
        ],
        [
            0.343,
            0.345,
            0.349,
            0.343
        ],
        [
            0.344,
            0.341,
            0.349,
            0.343
        ],
        [
            0.345,
            0.349,
            0.349,
            0.342
        ],
        [
            0.348,
            0.349,
            0.353,
            0.344
        ],
        [
            0.347,
            0.351,
            0.354,
            0.343
        ]
    ],
    "timestamp": "2026-02-26T03:25:45.796257",
    "label": "not_bee"
}