{
    "event_type": "flower_visit",
    "event_id": "flower_1_20260226032324864253",
    "flower_id": "flower_1",
    "background_dist": 0.35,
    "start_time": 1772097802.331208,
    "end_time": 1772097804.864157,
    "num_scans": 38,
    "angles": [
        144,
        145,
        146,
        147
    ],
    "distance_series": [
        [
            0.301,
            0.302,
            0.301,
            0.309
        ],
        [
            0.304,
            0.3,
            0.301,
            0.306
        ],
        [
            0.3,
            0.301,
            0.302,
            0.305
        ],
        [
            0.301,
            0.301,
            0.306,
            0.305
        ],
        [
            0.304,
            0.303,
            0.306,
            0.305
        ],
        [
            0.305,
            0.304,
            0.307,
            0.306
        ],
        [
            0.304,
            0.303,
            0.306,
            0.305
        ],
        [
            0.305,
            0.303,
            0.303,
            0.308
        ],
        [
            0.306,
            0.303,
            0.306,
            0.31
        ],
        [
            0.304,
            0.304,
            0.304,
            0.307
        ],
        [
            0.309,
            0.306,
            0.303,
            0.309
        ],
        [
            0.305,
            0.306,
            0.306,
            0.308
        ],
        [
            0.303,
            0.304,
            0.303,
            0.305
        ],
        [
            0.304,
            0.305,
            0.307,
            0.305
        ],
        [
            0.3,
            0.307,
            0.303,
            0.304
        ],
        [
            0.305,
            0.304,
            0.306,
            0.304
        ],
        [
            0.301,
            0.305,
            0.305,
            0.307
        ],
        [
            0.302,
            0.301,
            0.302,
            0.307
        ],
        [
            0.304,
            0.302,
            0.307,
            0.308
        ],
        [
            0.3,
            0.304,
            0.304,
            0.308
        ],
        [
            0.297,
            0.306,
            0.305,
            0.307
        ],
        [
            0.294,
            0.306,
            0.303,
            0.307
        ],
        [
            0.296,
            0.304,
            0.303,
            0.305
        ],
        [
            0.302,
            0.304,
            0.306,
            0.307
        ],
        [
            0.305,
            0.305,
            0.308,
            0.304
        ],
        [
            0.308,
            0.304,
            0.309,
            0.306
        ],
        [
            0.305,
            0.305,
            0.309,
            0.305
        ],
        [
            0.301,
            0.302,
            0.31,
            0.305
        ],
        [
            0.302,
            0.303,
            0.308,
            0.306
        ],
        [
            0.312,
            0.315,
            0.317,
            0.314
        ],
        [
            0.324,
            0.324,
            0.329,
            0.322
        ],
        [
            0.331,
            0.335,
            0.343,
            0.331
        ],
        [
            0.341,
            0.345,
            0.363,
            0.345
        ],
        [
            0.343,
            0.349,
            0.356,
            0.343
        ],
        [
            0.345,
            0.349,
            0.356,
            0.347
        ],
        [
            0.345,
            0.349,
            0.352,
            0.347
        ],
        [
            0.347,
            0.352,
            0.352,
            0.346
        ],
        [
            0.346,
            0.344,
            0.355,
            0.344
        ]
    ],
    "timestamp": "2026-02-26T03:23:24.864321",
    "label": "not_bee"
}