{
    "event_type": "flower_visit",
    "event_id": "flower_1_20260226030804806263",
    "flower_id": "flower_1",
    "background_dist": 0.35,
    "start_time": 1772096883.072756,
    "end_time": 1772096884.806126,
    "num_scans": 26,
    "angles": [
        144,
        145,
        146,
        147
    ],
    "distance_series": [
        [
            0.298,
            0.3,
            0.307,
            0.312
        ],
        [
            0.296,
            0.302,
            0.306,
            0.306
        ],
        [
            0.297,
            0.298,
            0.309,
            0.305
        ],
        [
            0.293,
            0.301,
            0.313,
            0.309
        ],
        [
            0.296,
            0.302,
            0.312,
            0.31
        ],
        [
            0.297,
            0.302,
            0.314,
            0.311
        ],
        [
            0.294,
            0.308,
            0.312,
            0.314
        ],
        [
            0.299,
            0.311,
            0.315,
            0.313
        ],
        [
            0.3,
            0.313,
            0.313,
            0.314
        ],
        [
            0.299,
            0.31,
            0.31,
            0.317
        ],
        [
            0.297,
            0.313,
            0.312,
            0.319
        ],
        [
            0.296,
            0.314,
            0.317,
            0.316
        ],
        [
            0.293,
            0.312,
            0.318,
            0.315
        ],
        [
            0.296,
            0.315,
            0.32,
            0.312
        ],
        [
            0.296,
            0.309,
            0.318,
            0.31
        ],
        [
            0.294,
            0.308,
            0.315,
            0.312
        ],
        [
            0.297,
            0.31,
            0.313,
            0.31
        ],
        [
            0.305,
            0.313,
            0.315,
            0.311
        ],
        [
            0.317,
            0.327,
            0.323,
            0.317
        ],
        [
            0.327,
            0.334,
            0.332,
            0.325
        ],
        [
            0.343,
            0.341,
            0.345,
            0.336
        ],
        [
            0.345,
            0.35,
            0.354,
            0.343
        ],
        [
            0.347,
            0.348,
            0.354,
            0.341
        ],
        [
            0.349,
            0.348,
            0.351,
            0.343
        ],
        [
            0.346,
            0.349,
            0.353,
            0.342
        ],
        [
            0.346,
            0.351,
            0.347,
            0.344
        ]
    ],
    "timestamp": "2026-02-26T03:08:04.806354",
    "label": "bee"
}