{
    "event_type": "flower_visit",
    "event_id": "flower_1_20260226032824194426",
    "flower_id": "flower_1",
    "background_dist": 0.35,
    "start_time": 1772098101.927757,
    "end_time": 1772098104.194271,
    "num_scans": 34,
    "angles": [
        144,
        145,
        146,
        147
    ],
    "distance_series": [
        [
            0.072,
            0.074,
            0.072,
            0.075
        ],
        [
            0.072,
            0.074,
            0.071,
            0.073
        ],
        [
            0.077,
            0.071,
            0.073,
            0.072
        ],
        [
            0.079,
            0.071,
            0.074,
            0.073
        ],
        [
            0.08,
            0.074,
            0.076,
            0.075
        ],
        [
            0.08,
            0.076,
            0.075,
            0.073
        ],
        [
            0.08,
            0.077,
            0.069,
            0.073
        ],
        [
            0.075,
            0.08,
            0.067,
            0.075
        ],
        [
            0.075,
            0.084,
            0.07,
            0.069
        ],
        [
            0.077,
            0.082,
            0.077,
            0.072
        ],
        [
            0.082,
            0.081,
            0.077,
            0.071
        ],
        [
            0.081,
            0.081,
            0.081,
            0.074
        ],
        [
            0.084,
            0.078,
            0.08,
            0.078
        ],
        [
            0.081,
            0.079,
            0.081,
            0.077
        ],
        [
            0.076,
            0.083,
            0.08,
            0.08
        ],
        [
            0.078,
            0.083,
            0.079,
            0.074
        ],
        [
            0.084,
            0.082,
            0.078,
            0.07
        ],
        [
            0.085,
            0.082,
            0.075,
            0.071
        ],
        [
            0.087,
            0.083,
            0.077,
            0.074
        ],
        [
            0.087,
            0.085,
            0.081,
            0.079
        ],
        [
            0.091,
            0.08,
            0.078,
            0.083
        ],
        [
            0.09,
            0.08,
            0.073,
            0.077
        ],
        [
            0.087,
            0.078,
            0.077,
            0.069
        ],
        [
            0.132,
            0.14,
            0.139,
            0.136
        ],
        [
            0.202,
            0.204,
            0.207,
            0.206
        ],
        [
            0.266,
            0.274,
            0.275,
            0.28
        ],
        [
            0.33,
            0.346,
            0.344,
            0.349
        ],
        [
            0.344,
            0.355,
            0.348,
            0.352
        ],
        [
            0.342,
            0.357,
            0.353,
            0.347
        ],
        [
            0.341,
            0.356,
            0.353,
            0.345
        ],
        [
            0.342,
            0.358,
            0.353,
            0.347
        ],
        [
            0.344,
            0.354,
            0.347,
            0.349
        ],
        [
            0.344,
            0.354,
            0.347,
            0.349
        ],
        [
            0.343,
            0.349,
            0.344,
            0.348
        ]
    ],
    "timestamp": "2026-02-26T03:28:24.194523",
    "label": "not_bee"
}