{
    "event_type": "flower_visit",
    "event_id": "flower_1_20260226030948538541",
    "flower_id": "flower_1",
    "background_dist": 0.35,
    "start_time": 1772096986.1387851,
    "end_time": 1772096988.53841,
    "num_scans": 36,
    "angles": [
        144,
        145,
        146,
        147
    ],
    "distance_series": [
        [
            0.301,
            0.313,
            0.332,
            0.338
        ],
        [
            0.299,
            0.309,
            0.33,
            0.339
        ],
        [
            0.3,
            0.305,
            0.325,
            0.341
        ],
        [
            0.299,
            0.309,
            0.324,
            0.339
        ],
        [
            0.299,
            0.309,
            0.326,
            0.336
        ],
        [
            0.3,
            0.307,
            0.32,
            0.333
        ],
        [
            0.299,
            0.307,
            0.322,
            0.327
        ],
        [
            0.295,
            0.3,
            0.321,
            0.33
        ],
        [
            0.294,
            0.298,
            0.319,
            0.325
        ],
        [
            0.291,
            0.294,
            0.314,
            0.327
        ],
        [
            0.288,
            0.297,
            0.314,
            0.325
        ],
        [
            0.287,
            0.297,
            0.309,
            0.319
        ],
        [
            0.286,
            0.292,
            0.308,
            0.318
        ],
        [
            0.287,
            0.295,
            0.305,
            0.307
        ],
        [
            0.286,
            0.292,
            0.304,
            0.304
        ],
        [
            0.29,
            0.288,
            0.301,
            0.304
        ],
        [
            0.293,
            0.291,
            0.295,
            0.305
        ],
        [
            0.293,
            0.291,
            0.3,
            0.311
        ],
        [
            0.294,
            0.295,
            0.308,
            0.314
        ],
        [
            0.298,
            0.3,
            0.314,
            0.321
        ],
        [
            0.297,
            0.304,
            0.321,
            0.333
        ],
        [
            0.298,
            0.305,
            0.326,
            0.338
        ],
        [
            0.297,
            0.306,
            0.322,
            0.339
        ],
        [
            0.297,
            0.307,
            0.322,
            0.337
        ],
        [
            0.297,
            0.308,
            0.321,
            0.334
        ],
        [
            0.302,
            0.309,
            0.322,
            0.335
        ],
        [
            0.307,
            0.309,
            0.327,
            0.336
        ],
        [
            0.305,
            0.312,
            0.33,
            0.335
        ],
        [
            0.318,
            0.327,
            0.337,
            0.34
        ],
        [
            0.328,
            0.33,
            0.339,
            0.341
        ],
        [
            0.337,
            0.34,
            0.345,
            0.346
        ],
        [
            0.346,
            0.349,
            0.349,
            0.345
        ],
        [
            0.348,
            0.351,
            0.349,
            0.349
        ],
        [
            0.348,
            0.357,
            0.348,
            0.349
        ],
        [
            0.344,
            0.355,
            0.349,
            0.347
        ],
        [
            0.344,
            0.353,
            0.348,
            0.347
        ]
    ],
    "timestamp": "2026-02-26T03:09:48.538603",
    "label": "bee"
}