{
    "event_type": "flower_visit",
    "event_id": "flower_1_20260226032500396697",
    "flower_id": "flower_1",
    "background_dist": 0.35,
    "start_time": 1772097894.729877,
    "end_time": 1772097900.396555,
    "num_scans": 85,
    "angles": [
        144,
        145,
        146,
        147
    ],
    "distance_series": [
        [
            0.287,
            0.287,
            0.287,
            0.291
        ],
        [
            0.29,
            0.291,
            0.288,
            0.293
        ],
        [
            0.29,
            0.292,
            0.292,
            0.296
        ],
        [
            0.292,
            0.292,
            0.294,
            0.298
        ],
        [
            0.293,
            0.295,
            0.297,
            0.296
        ],
        [
            0.297,
            0.295,
            0.297,
            0.297
        ],
        [
            0.297,
            0.297,
            0.296,
            0.295
        ],
        [
            0.299,
            0.298,
            0.294,
            0.294
        ],
        [
            0.298,
            0.292,
            0.294,
            0.293
        ],
        [
            0.298,
            0.291,
            0.294,
            0.292
        ],
        [
            0.299,
            0.289,
            0.295,
            0.291
        ],
        [
            0.301,
            0.291,
            0.298,
            0.293
        ],
        [
            0.298,
            0.295,
            0.296,
            0.294
        ],
        [
            0.299,
            0.297,
            0.298,
            0.293
        ],
        [
            0.298,
            0.297,
            0.297,
            0.294
        ],
        [
            0.294,
            0.296,
            0.297,
            0.293
        ],
        [
            0.296,
            0.295,
            0.295,
            0.292
        ],
        [
            0.298,
            0.297,
            0.297,
            0.294
        ],
        [
            0.299,
            0.298,
            0.3,
            0.293
        ],
        [
            0.299,
            0.299,
            0.298,
            0.294
        ],
        [
            0.3,
            0.297,
            0.299,
            0.296
        ],
        [
            0.297,
            0.295,
            0.3,
            0.295
        ],
        [
            0.295,
            0.296,
            0.296,
            0.297
        ],
        [
            0.297,
            0.296,
            0.299,
            0.299
        ],
        [
            0.296,
            0.296,
            0.299,
            0.296
        ],
        [
            0.295,
            0.298,
            0.297,
            0.297
        ],
        [
            0.297,
            0.297,
            0.299,
            0.298
        ],
        [
            0.296,
            0.298,
            0.299,
            0.296
        ],
        [
            0.298,
            0.3,
            0.298,
            0.295
        ],
        [
            0.298,
            0.3,
            0.301,
            0.294
        ],
        [
            0.299,
            0.302,
            0.299,
            0.296
        ],
        [
            0.3,
            0.3,
            0.3,
            0.302
        ],
        [
            0.298,
            0.299,
            0.301,
            0.302
        ],
        [
            0.297,
            0.299,
            0.301,
            0.3
        ],
        [
            0.296,
            0.299,
            0.302,
            0.297
        ],
        [
            0.298,
            0.302,
            0.305,
            0.299
        ],
        [
            0.299,
            0.304,
            0.303,
            0.3
        ],
        [
            0.302,
            0.303,
            0.298,
            0.3
        ],
        [
            0.302,
            0.298,
            0.3,
            0.303
        ],
        [
            0.3,
            0.299,
            0.298,
            0.305
        ],
        [
            0.302,
            0.295,
            0.296,
            0.303
        ],
        [
            0.295,
            0.297,
            0.298,
            0.302
        ],
        [
            0.298,
            0.299,
            0.298,
            0.299
        ],
        [
            0.297,
            0.299,
            0.297,
            0.302
        ],
        [
            0.298,
            0.302,
            0.3,
            0.304
        ],
        [
            0.301,
            0.302,
            0.304,
            0.301
        ],
        [
            0.301,
            0.303,
            0.299,
            0.3
        ],
        [
            0.302,
            0.303,
            0.302,
            0.297
        ],
        [
            0.304,
            0.299,
            0.302,
            0.297
        ],
        [
            0.298,
            0.299,
            0.302,
            0.297
        ],
        [
            0.301,
            0.302,
            0.302,
            0.299
        ],
        [
            0.3,
            0.295,
            0.3,
            0.296
        ],
        [
            0.302,
            0.297,
            0.302,
            0.296
        ],
        [
            0.302,
            0.294,
            0.298,
            0.297
        ],
        [
            0.301,
            0.295,
            0.296,
            0.298
        ],
        [
            0.3,
            0.296,
            0.298,
            0.296
        ],
        [
            0.298,
            0.298,
            0.301,
            0.298
        ],
        [
            0.3,
            0.3,
            0.302,
            0.295
        ],
        [
            0.3,
            0.298,
            0.303,
            0.297
        ],
        [
            0.3,
            0.298,
            0.298,
            0.298
        ],
        [
            0.298,
            0.298,
            0.302,
            0.3
        ],
        [
            0.299,
            0.302,
            0.298,
            0.302
        ],
        [
            0.299,
            0.301,
            0.301,
            0.303
        ],
        [
            0.298,
            0.302,
            0.302,
            0.302
        ],
        [
            0.3,
            0.301,
            0.304,
            0.301
        ],
        [
            0.299,
            0.298,
            0.304,
            0.3
        ],
        [
            0.297,
            0.297,
            0.305,
            0.299
        ],
        [
            0.303,
            0.296,
            0.298,
            0.299
        ],
        [
            0.305,
            0.293,
            0.299,
            0.298
        ],
        [
            0.302,
            0.295,
            0.298,
            0.3
        ],
        [
            0.299,
            0.293,
            0.296,
            0.299
        ],
        [
            0.299,
            0.295,
            0.298,
            0.299
        ],
        [
            0.294,
            0.299,
            0.296,
            0.298
        ],
        [
            0.297,
            0.299,
            0.297,
            0.298
        ],
        [
            0.299,
            0.298,
            0.3,
            0.294
        ],
        [
            0.297,
            0.313,
            0.309,
            0.305
        ],
        [
            0.308,
            0.323,
            0.324,
            0.318
        ],
        [
            0.32,
            0.337,
            0.338,
            0.329
        ],
        [
            0.332,
            0.351,
            0.35,
            0.346
        ],
        [
            0.344,
            0.35,
            0.35,
            0.348
        ],
        [
            0.348,
