{
    "event_type": "flower_visit",
    "event_id": "flower_1_20260226032432064884",
    "flower_id": "flower_1",
    "background_dist": 0.35,
    "start_time": 1772097870.064461,
    "end_time": 1772097872.064737,
    "num_scans": 30,
    "angles": [
        144,
        145,
        146,
        147
    ],
    "distance_series": [
        [
            0.28,
            0.277,
            0.277,
            0.276
        ],
        [
            0.279,
            0.278,
            0.276,
            0.274
        ],
        [
            0.282,
            0.275,
            0.275,
            0.275
        ],
        [
            0.281,
            0.277,
            0.277,
            0.271
        ],
        [
            0.282,
            0.281,
            0.267,
            0.274
        ],
        [
            0.28,
            0.284,
            0.267,
            0.281
        ],
        [
            0.28,
            0.286,
            0.272,
            0.28
        ],
        [
            0.282,
            0.285,
            0.275,
            0.28
        ],
        [
            0.285,
            0.28,
            0.275,
            0.279
        ],
        [
            0.285,
            0.28,
            0.276,
            0.27
        ],
        [
            0.284,
            0.278,
            0.274,
            0.271
        ],
        [
            0.285,
            0.277,
            0.276,
            0.276
        ],
        [
            0.283,
            0.28,
            0.274,
            0.277
        ],
        [
            0.281,
            0.279,
            0.276,
            0.282
        ],
        [
            0.282,
            0.278,
            0.277,
            0.279
        ],
        [
            0.281,
            0.277,
            0.272,
            0.276
        ],
        [
            0.279,
            0.275,
            0.274,
            0.273
        ],
        [
            0.28,
            0.276,
            0.269,
            0.272
        ],
        [
            0.278,
            0.278,
            0.271,
            0.272
        ],
        [
            0.28,
            0.276,
            0.271,
            0.274
        ],
        [
            0.289,
            0.297,
            0.29,
            0.29
        ],
        [
            0.301,
            0.316,
            0.308,
            0.312
        ],
        [
            0.317,
            0.335,
            0.327,
            0.33
        ],
        [
            0.343,
            0.352,
            0.348,
            0.351
        ],
        [
            0.341,
            0.35,
            0.35,
            0.348
        ],
        [
            0.341,
            0.351,
            0.35,
            0.346
        ],
        [
            0.344,
            0.345,
            0.351,
            0.347
        ],
        [
            0.343,
            0.344,
            0.349,
            0.345
        ],
        [
            0.345,
            0.343,
            0.349,
            0.349
        ],
        [
            0.348,
            0.346,
            0.352,
            0.349
        ]
    ],
    "timestamp": "2026-02-26T03:24:32.064971",
    "label": "not_bee"
}