{
    "event_type": "flower_visit",
    "event_id": "flower_1_20260226032313664551",
    "flower_id": "flower_1",
    "background_dist": 0.35,
    "start_time": 1772097791.131349,
    "end_time": 1772097793.664405,
    "num_scans": 38,
    "angles": [
        144,
        145,
        146,
        147
    ],
    "distance_series": [
        [
            0.211,
            0.214,
            0.203,
            0.205
        ],
        [
            0.212,
            0.212,
            0.206,
            0.203
        ],
        [
            0.213,
            0.214,
            0.207,
            0.205
        ],
        [
            0.212,
            0.21,
            0.208,
            0.2
        ],
        [
            0.208,
            0.212,
            0.212,
            0.204
        ],
        [
            0.208,
            0.21,
            0.209,
            0.204
        ],
        [
            0.205,
            0.205,
            0.207,
            0.206
        ],
        [
            0.207,
            0.207,
            0.206,
            0.209
        ],
        [
            0.206,
            0.207,
            0.205,
            0.205
        ],
        [
            0.207,
            0.208,
            0.202,
            0.204
        ],
        [
            0.206,
            0.204,
            0.205,
            0.207
        ],
        [
            0.2,
            0.201,
            0.207,
            0.204
        ],
        [
            0.199,
            0.204,
            0.204,
            0.201
        ],
        [
            0.198,
            0.204,
            0.201,
            0.198
        ],
        [
            0.196,
            0.205,
            0.199,
            0.2
        ],
        [
            0.198,
            0.203,
            0.202,
            0.202
        ],
        [
            0.197,
            0.204,
            0.206,
            0.207
        ],
        [
            0.203,
            0.202,
            0.209,
            0.207
        ],
        [
            0.206,
            0.201,
            0.21,
            0.203
        ],
        [
            0.205,
            0.199,
            0.204,
            0.202
        ],
        [
            0.207,
            0.199,
            0.204,
            0.202
        ],
        [
            0.201,
            0.199,
            0.206,
            0.199
        ],
        [
            0.205,
            0.203,
            0.199,
            0.2
        ],
        [
            0.201,
            0.203,
            0.202,
            0.198
        ],
        [
            0.202,
            0.207,
            0.2,
            0.198
        ],
        [
            0.199,
            0.205,
            0.2,
            0.2
        ],
        [
            0.202,
            0.206,
            0.205,
            0.203
        ],
        [
            0.239,
            0.245,
            0.243,
            0.24
        ],
        [
            0.27,
            0.279,
            0.282,
            0.277
        ],
        [
            0.311,
            0.317,
            0.322,
            0.313
        ],
        [
            0.346,
            0.346,
            0.353,
            0.35
        ],
        [
            0.348,
            0.35,
            0.35,
            0.35
        ],
        [
            0.35,
            0.349,
            0.351,
            0.348
        ],
        [
            0.345,
            0.35,
            0.351,
            0.346
        ],
        [
            0.343,
            0.347,
            0.349,
            0.349
        ],
        [
            0.342,
            0.345,
            0.351,
            0.351
        ],
        [
            0.343,
            0.351,
            0.349,
            0.349
        ],
        [
            0.344,
            0.351,
            0.347,
            0.348
        ]
    ],
    "timestamp": "2026-02-26T03:23:13.664638",
    "label": "not_bee"
}