{
    "event_type": "flower_visit",
    "event_id": "flower_1_20260226030829006471",
    "flower_id": "flower_1",
    "background_dist": 0.35,
    "start_time": 1772096906.2058702,
    "end_time": 1772096909.006331,
    "num_scans": 42,
    "angles": [
        144,
        145,
        146,
        147
    ],
    "distance_series": [
        [
            0.32,
            0.331,
            0.344,
            0.344
        ],
        [
            0.328,
            0.334,
            0.345,
            0.35
        ],
        [
            0.327,
            0.335,
            0.343,
            0.343
        ],
        [
            0.324,
            0.33,
            0.335,
            0.332
        ],
        [
            0.327,
            0.325,
            0.327,
            0.318
        ],
        [
            0.329,
            0.321,
            0.318,
            0.305
        ],
        [
            0.337,
            0.323,
            0.313,
            0.295
        ],
        [
            0.342,
            0.322,
            0.308,
            0.293
        ],
        [
            0.332,
            0.318,
            0.314,
            0.296
        ],
        [
            0.326,
            0.314,
            0.316,
            0.309
        ],
        [
            0.319,
            0.316,
            0.323,
            0.319
        ],
        [
            0.316,
            0.322,
            0.331,
            0.331
        ],
        [
            0.316,
            0.329,
            0.338,
            0.34
        ],
        [
            0.32,
            0.333,
            0.341,
            0.341
        ],
        [
            0.324,
            0.328,
            0.337,
            0.335
        ],
        [
            0.328,
            0.329,
            0.334,
            0.328
        ],
        [
            0.336,
            0.33,
            0.325,
            0.315
        ],
        [
            0.341,
            0.33,
            0.328,
            0.308
        ],
        [
            0.344,
            0.335,
            0.328,
            0.301
        ],
        [
            0.344,
            0.338,
            0.329,
            0.3
        ],
        [
            0.342,
            0.335,
            0.327,
            0.301
        ],
        [
            0.333,
            0.335,
            0.332,
            0.303
        ],
        [
            0.327,
            0.327,
            0.329,
            0.311
        ],
        [
            0.322,
            0.33,
            0.336,
            0.32
        ],
        [
            0.313,
            0.337,
            0.341,
            0.322
        ],
        [
            0.317,
            0.337,
            0.337,
            0.322
        ],
        [
            0.322,
            0.335,
            0.334,
            0.322
        ],
        [
            0.325,
            0.334,
            0.33,
            0.317
        ],
        [
            0.335,
            0.336,
            0.333,
            0.309
        ],
        [
            0.343,
            0.345,
            0.331,
            0.303
        ],
        [
            0.346,
            0.35,
            0.327,
            0.297
        ],
        [
            0.343,
            0.344,
            0.327,
            0.299
        ],
        [
            0.337,
            0.331,
            0.327,
            0.299
        ],
        [
            0.328,
            0.322,
            0.324,
            0.311
        ],
        [
            0.325,
            0.322,
            0.327,
            0.319
        ],
        [
            0.328,
            0.325,
            0.332,
            0.328
        ],
        [
            0.335,
            0.338,
            0.342,
            0.335
        ],
        [
            0.342,
            0.346,
            0.345,
            0.342
        ],
        [
            0.342,
            0.349,
            0.345,
            0.343
        ],
        [
            0.343,
            0.351,
            0.348,
            0.343
        ],
        [
            0.346,
            0.348,
            0.348,
            0.344
        ],
        [
            0.346,
            0.345,
            0.349,
            0.342
        ]
    ],
    "timestamp": "2026-02-26T03:08:29.006561",
    "label": "bee"
}