{
    "event_type": "flower_visit",
    "event_id": "flower_1_20260226032816728070",
    "flower_id": "flower_1",
    "background_dist": 0.35,
    "start_time": 1772098094.527893,
    "end_time": 1772098096.727925,
    "num_scans": 33,
    "angles": [
        144,
        145,
        146,
        147
    ],
    "distance_series": [
        [
            0.275,
            0.278,
            0.272,
            0.276
        ],
        [
            0.279,
            0.284,
            0.28,
            0.283
        ],
        [
            0.284,
            0.292,
            0.29,
            0.286
        ],
        [
            0.289,
            0.292,
            0.295,
            0.294
        ],
        [
            0.29,
            0.3,
            0.298,
            0.297
        ],
        [
            0.295,
            0.299,
            0.298,
            0.294
        ],
        [
            0.297,
            0.299,
            0.292,
            0.287
        ],
        [
            0.295,
            0.297,
            0.294,
            0.286
        ],
        [
            0.295,
            0.292,
            0.289,
            0.281
        ],
        [
            0.291,
            0.297,
            0.284,
            0.281
        ],
        [
            0.293,
            0.297,
            0.28,
            0.284
        ],
        [
            0.296,
            0.292,
            0.283,
            0.282
        ],
        [
            0.293,
            0.285,
            0.285,
            0.281
        ],
        [
            0.292,
            0.282,
            0.279,
            0.279
        ],
        [
            0.292,
            0.282,
            0.274,
            0.279
        ],
        [
            0.293,
            0.281,
            0.276,
            0.279
        ],
        [
            0.291,
            0.282,
            0.28,
            0.284
        ],
        [
            0.292,
            0.283,
            0.284,
            0.283
        ],
        [
            0.291,
            0.289,
            0.288,
            0.278
        ],
        [
            0.294,
            0.29,
            0.287,
            0.278
        ],
        [
            0.295,
            0.289,
            0.286,
            0.279
        ],
        [
            0.292,
            0.281,
            0.284,
            0.282
        ],
        [
            0.287,
            0.282,
            0.283,
            0.287
        ],
        [
            0.295,
            0.292,
            0.299,
            0.299
        ],
        [
            0.307,
            0.308,
            0.313,
            0.311
        ],
        [
            0.328,
            0.33,
            0.33,
            0.317
        ],
        [
            0.347,
            0.35,
            0.345,
            0.337
        ],
        [
            0.345,
            0.348,
            0.348,
            0.338
        ],
        [
            0.347,
            0.348,
            0.35,
            0.34
        ],
        [
            0.343,
            0.343,
            0.348,
            0.34
        ],
        [
            0.342,
            0.347,
            0.347,
            0.339
        ],
        [
            0.344,
            0.344,
            0.344,
            0.344
        ],
        [
            0.344,
            0.35,
            0.352,
            0.345
        ]
    ],
    "timestamp": "2026-02-26T03:28:16.728175",
    "label": "not_bee"
}