{
    "event_type": "flower_visit",
    "event_id": "flower_1_20260226032534396688",
    "flower_id": "flower_1",
    "background_dist": 0.35,
    "start_time": 1772097931.796631,
    "end_time": 1772097934.3965518,
    "num_scans": 39,
    "angles": [
        144,
        145,
        146,
        147
    ],
    "distance_series": [
        [
            0.107,
            0.102,
            0.104,
            0.099
        ],
        [
            0.101,
            0.099,
            0.102,
            0.097
        ],
        [
            0.101,
            0.102,
            0.101,
            0.1
        ],
        [
            0.1,
            0.1,
            0.101,
            0.103
        ],
        [
            0.101,
            0.1,
            0.1,
            0.102
        ],
        [
            0.101,
            0.1,
            0.103,
            0.104
        ],
        [
            0.101,
            0.102,
            0.103,
            0.106
        ],
        [
            0.099,
            0.104,
            0.102,
            0.106
        ],
        [
            0.098,
            0.105,
            0.101,
            0.104
        ],
        [
            0.101,
            0.106,
            0.099,
            0.105
        ],
        [
            0.103,
            0.104,
            0.101,
            0.103
        ],
        [
            0.101,
            0.105,
            0.1,
            0.1
        ],
        [
            0.103,
            0.104,
            0.099,
            0.103
        ],
        [
            0.098,
            0.104,
            0.103,
            0.099
        ],
        [
            0.099,
            0.102,
            0.103,
            0.099
        ],
        [
            0.101,
            0.103,
            0.101,
            0.101
        ],
        [
            0.103,
            0.1,
            0.102,
            0.103
        ],
        [
            0.104,
            0.1,
            0.098,
            0.105
        ],
        [
            0.103,
            0.101,
            0.096,
            0.105
        ],
        [
            0.102,
            0.102,
            0.096,
            0.101
        ],
        [
            0.104,
            0.105,
            0.096,
            0.1
        ],
        [
            0.104,
            0.102,
            0.098,
            0.099
        ],
        [
            0.104,
            0.102,
            0.101,
            0.099
        ],
        [
            0.103,
            0.104,
            0.103,
            0.099
        ],
        [
            0.1,
            0.104,
            0.102,
            0.1
        ],
        [
            0.1,
            0.103,
            0.105,
            0.104
        ],
        [
            0.101,
            0.108,
            0.105,
            0.108
        ],
        [
            0.104,
            0.109,
            0.107,
            0.11
        ],
        [
            0.163,
            0.172,
            0.17,
            0.172
        ],
        [
            0.225,
            0.236,
            0.23,
            0.232
        ],
        [
            0.284,
            0.296,
            0.29,
            0.289
        ],
        [
            0.346,
            0.357,
            0.349,
            0.348
        ],
        [
            0.347,
            0.355,
            0.351,
            0.348
        ],
        [
            0.346,
            0.353,
            0.35,
            0.344
        ],
        [
            0.347,
            0.351,
            0.347,
            0.345
        ],
        [
            0.352,
            0.352,
            0.344,
            0.348
        ],
        [
            0.35,
            0.35,
            0.345,
            0.353
        ],
        [
            0.347,
            0.353,
            0.346,
            0.356
        ],
        [
            0.348,
            0.353,
            0.352,
            0.355
        ]
    ],
    "timestamp": "2026-02-26T03:25:34.396775",
    "label": "not_bee"
}