{
    "event_type": "flower_visit",
    "event_id": "flower_1_20260226032921927511",
    "flower_id": "flower_1",
    "background_dist": 0.35,
    "start_time": 1772098159.594142,
    "end_time": 1772098161.927386,
    "num_scans": 35,
    "angles": [
        144,
        145,
        146,
        147
    ],
    "distance_series": [
        [
            0.222,
            0.223,
            0.219,
            0.22
        ],
        [
            0.223,
            0.221,
            0.219,
            0.22
        ],
        [
            0.22,
            0.226,
            0.217,
            0.222
        ],
        [
            0.22,
            0.223,
            0.218,
            0.221
        ],
        [
            0.219,
            0.221,
            0.219,
            0.222
        ],
        [
            0.218,
            0.224,
            0.222,
            0.217
        ],
        [
            0.216,
            0.214,
            0.218,
            0.216
        ],
        [
            0.217,
            0.219,
            0.221,
            0.214
        ],
        [
            0.218,
            0.221,
            0.214,
            0.214
        ],
        [
            0.216,
            0.225,
            0.214,
            0.217
        ],
        [
            0.219,
            0.227,
            0.219,
            0.22
        ],
        [
            0.22,
            0.222,
            0.221,
            0.221
        ],
        [
            0.221,
            0.226,
            0.223,
            0.218
        ],
        [
            0.218,
            0.229,
            0.221,
            0.217
        ],
        [
            0.218,
            0.231,
            0.219,
            0.219
        ],
        [
            0.219,
            0.229,
            0.214,
            0.218
        ],
        [
            0.22,
            0.226,
            0.212,
            0.219
        ],
        [
            0.226,
            0.223,
            0.211,
            0.22
        ],
        [
            0.224,
            0.221,
            0.21,
            0.218
        ],
        [
            0.226,
            0.224,
            0.214,
            0.222
        ],
        [
            0.225,
            0.226,
            0.216,
            0.222
        ],
        [
            0.222,
            0.228,
            0.217,
            0.222
        ],
        [
            0.223,
            0.226,
            0.22,
            0.226
        ],
        [
            0.223,
            0.234,
            0.234,
            0.246
        ],
        [
            0.237,
            0.255,
            0.252,
            0.26
        ],
        [
            0.266,
            0.282,
            0.285,
            0.293
        ],
        [
            0.302,
            0.316,
            0.312,
            0.322
        ],
        [
            0.33,
            0.33,
            0.332,
            0.328
        ],
        [
            0.347,
            0.344,
            0.348,
            0.346
        ],
        [
            0.345,
            0.352,
            0.348,
            0.345
        ],
        [
            0.341,
            0.355,
            0.349,
            0.349
        ],
        [
            0.343,
            0.357,
            0.349,
            0.349
        ],
        [
            0.343,
            0.357,
            0.348,
            0.352
        ],
        [
            0.345,
            0.355,
            0.35,
            0.352
        ],
        [
            0.349,
            0.351,
            0.353,
            0.347
        ]
    ],
    "timestamp": "2026-02-26T03:29:21.927605",
    "label": "not_bee"
}