{
    "event_type": "flower_visit",
    "event_id": "flower_1_20260226031919400480",
    "flower_id": "flower_1",
    "background_dist": 0.35,
    "start_time": 1772097557.333507,
    "end_time": 1772097559.400341,
    "num_scans": 31,
    "angles": [
        144,
        145,
        146,
        147
    ],
    "distance_series": [
        [
            0.309,
            0.315,
            0.314,
            0.308
        ],
        [
            0.311,
            0.321,
            0.324,
            0.314
        ],
        [
            0.311,
            0.321,
            0.326,
            0.327
        ],
        [
            0.309,
            0.324,
            0.331,
            0.334
        ],
        [
            0.305,
            0.33,
            0.335,
            0.341
        ],
        [
            0.309,
            0.332,
            0.337,
            0.347
        ],
        [
            0.304,
            0.331,
            0.338,
            0.346
        ],
        [
            0.301,
            0.325,
            0.331,
            0.342
        ],
        [
            0.298,
            0.323,
            0.322,
            0.336
        ],
        [
            0.296,
            0.313,
            0.319,
            0.327
        ],
        [
            0.302,
            0.311,
            0.318,
            0.318
        ],
        [
            0.307,
            0.313,
            0.326,
            0.312
        ],
        [
            0.305,
            0.316,
            0.332,
            0.316
        ],
        [
            0.305,
            0.328,
            0.338,
            0.325
        ],
        [
            0.307,
            0.327,
            0.343,
            0.337
        ],
        [
            0.307,
            0.334,
            0.341,
            0.346
        ],
        [
            0.309,
            0.33,
            0.337,
            0.343
        ],
        [
            0.306,
            0.321,
            0.334,
            0.344
        ],
        [
            0.303,
            0.317,
            0.334,
            0.343
        ],
        [
            0.302,
            0.318,
            0.335,
            0.341
        ],
        [
            0.298,
            0.32,
            0.331,
            0.333
        ],
        [
            0.303,
            0.328,
            0.331,
            0.325
        ],
        [
            0.305,
            0.323,
            0.328,
            0.317
        ],
        [
            0.318,
            0.33,
            0.328,
            0.322
        ],
        [
            0.328,
            0.335,
            0.335,
            0.33
        ],
        [
            0.337,
            0.342,
            0.341,
            0.336
        ],
        [
            0.345,
            0.349,
            0.348,
            0.346
        ],
        [
            0.343,
            0.348,
            0.349,
            0.346
        ],
        [
            0.344,
            0.349,
            0.347,
            0.343
        ],
        [
            0.343,
            0.348,
            0.343,
            0.339
        ],
        [
            0.343,
            0.349,
            0.345,
            0.342
        ]
    ],
    "timestamp": "2026-02-26T03:19:19.400568",
    "label": "bee"
}