{
    "event_type": "flower_visit",
    "event_id": "flower_1_20260226032511663586",
    "flower_id": "flower_1",
    "background_dist": 0.35,
    "start_time": 1772097908.5969658,
    "end_time": 1772097911.663442,
    "num_scans": 46,
    "angles": [
        144,
        145,
        146,
        147
    ],
    "distance_series": [
        [
            0.146,
            0.151,
            0.154,
            0.147
        ],
        [
            0.147,
            0.15,
            0.155,
            0.151
        ],
        [
            0.15,
            0.151,
            0.153,
            0.156
        ],
        [
            0.153,
            0.151,
            0.154,
            0.156
        ],
        [
            0.151,
            0.151,
            0.154,
            0.156
        ],
        [
            0.151,
            0.152,
            0.152,
            0.158
        ],
        [
            0.151,
            0.154,
            0.154,
            0.152
        ],
        [
            0.15,
            0.154,
            0.157,
            0.152
        ],
        [
            0.156,
            0.154,
            0.159,
            0.154
        ],
        [
            0.155,
            0.151,
            0.158,
            0.155
        ],
        [
            0.153,
            0.153,
            0.159,
            0.158
        ],
        [
            0.156,
            0.154,
            0.159,
            0.156
        ],
        [
            0.15,
            0.151,
            0.157,
            0.156
        ],
        [
            0.153,
            0.153,
            0.156,
            0.159
        ],
        [
            0.157,
            0.155,
            0.155,
            0.158
        ],
        [
            0.154,
            0.155,
            0.157,
            0.159
        ],
        [
            0.156,
            0.156,
            0.156,
            0.156
        ],
        [
            0.154,
            0.153,
            0.157,
            0.157
        ],
        [
            0.153,
            0.153,
            0.155,
            0.156
        ],
        [
            0.151,
            0.153,
            0.155,
            0.155
        ],
        [
            0.151,
            0.153,
            0.156,
            0.156
        ],
        [
            0.152,
            0.152,
            0.154,
            0.152
        ],
        [
            0.153,
            0.155,
            0.153,
            0.154
        ],
        [
            0.153,
            0.155,
            0.154,
            0.153
        ],
        [
            0.153,
            0.153,
            0.157,
            0.154
        ],
        [
            0.15,
            0.155,
            0.156,
            0.154
        ],
        [
            0.149,
            0.148,
            0.154,
            0.156
        ],
        [
            0.151,
            0.149,
            0.153,
            0.156
        ],
        [
            0.15,
            0.151,
            0.15,
            0.157
        ],
        [
            0.151,
            0.151,
            0.152,
            0.158
        ],
        [
            0.154,
            0.157,
            0.156,
            0.157
        ],
        [
            0.155,
            0.154,
            0.154,
            0.158
        ],
        [
            0.154,
            0.153,
            0.154,
            0.156
        ],
        [
            0.153,
            0.149,
            0.155,
            0.154
        ],
        [
            0.152,
            0.145,
            0.15,
            0.149
        ],
        [
            0.196,
            0.195,
            0.201,
            0.198
        ],
        [
            0.243,
            0.247,
            0.247,
            0.243
        ],
        [
            0.292,
            0.301,
            0.3,
            0.294
        ],
        [
            0.343,
            0.353,
            0.349,
            0.346
        ],
        [
            0.345,
            0.351,
            0.349,
            0.349
        ],
        [
            0.345,
            0.347,
            0.353,
            0.349
        ],
        [
            0.345,
            0.348,
            0.351,
            0.347
        ],
        [
            0.344,
            0.346,
            0.355,
            0.347
        ],
        [
            0.345,
            0.348,
            0.352,
            0.345
        ],
        [
            0.348,
            0.347,
            0.35,
            0.348
        ],
        [
            0.347,
            0.349,
            0.349,
            0.35
        ]
    ],
    "timestamp": "2026-02-26T03:25:11.663672",
    "label": "not_bee"
}