{
    "event_type": "flower_visit",
    "event_id": "flower_1_20260226032636129697",
    "flower_id": "flower_1",
    "background_dist": 0.35,
    "start_time": 1772097989.262506,
    "end_time": 1772097996.1295402,
    "num_scans": 103,
    "angles": [
        144,
        145,
        146,
        147
    ],
    "distance_series": [
        [
            0.302,
            0.311,
            0.306,
            0.302
        ],
        [
            0.339,
            0.347,
            0.351,
            0.344
        ],
        [
            0.34,
            0.345,
            0.351,
            0.347
        ],
        [
            0.341,
            0.345,
            0.348,
            0.349
        ],
        [
            0.342,
            0.345,
            0.348,
            0.35
        ],
        [
            0.344,
            0.349,
            0.345,
            0.348
        ],
        [
            0.321,
            0.347,
            0.345,
            0.347
        ],
        [
            0.281,
            0.303,
            0.308,
            0.307
        ],
        [
            0.242,
            0.265,
            0.275,
            0.269
        ],
        [
            0.205,
            0.225,
            0.237,
            0.231
        ],
        [
            0.2,
            0.194,
            0.201,
            0.197
        ],
        [
            0.202,
            0.199,
            0.203,
            0.2
        ],
        [
            0.201,
            0.198,
            0.201,
            0.197
        ],
        [
            0.198,
            0.2,
            0.2,
            0.199
        ],
        [
            0.226,
            0.233,
            0.243,
            0.233
        ],
        [
            0.262,
            0.273,
            0.278,
            0.27
        ],
        [
            0.302,
            0.31,
            0.319,
            0.306
        ],
        [
            0.344,
            0.344,
            0.352,
            0.342
        ],
        [
            0.35,
            0.349,
            0.347,
            0.344
        ],
        [
            0.348,
            0.348,
            0.345,
            0.344
        ],
        [
            0.344,
            0.349,
            0.346,
            0.345
        ],
        [
            0.308,
            0.313,
            0.307,
            0.311
        ],
        [
            0.271,
            0.274,
            0.269,
            0.273
        ],
        [
            0.241,
            0.239,
            0.232,
            0.236
        ],
        [
            0.204,
            0.201,
            0.199,
            0.204
        ],
        [
            0.209,
            0.197,
            0.204,
            0.204
        ],
        [
            0.21,
            0.195,
            0.204,
            0.206
        ],
        [
            0.209,
            0.198,
            0.201,
            0.208
        ],
        [
            0.21,
            0.199,
            0.201,
            0.206
        ],
        [
            0.205,
            0.206,
            0.206,
            0.21
        ],
        [
            0.236,
            0.242,
            0.247,
            0.247
        ],
        [
            0.271,
            0.281,
            0.28,
            0.279
        ],
        [
            0.309,
            0.317,
            0.322,
            0.318
        ],
        [
            0.345,
            0.349,
            0.352,
            0.349
        ],
        [
            0.344,
            0.347,
            0.354,
            0.347
        ],
        [
            0.347,
            0.354,
            0.353,
            0.348
        ],
        [
            0.345,
            0.354,
            0.356,
            0.347
        ],
        [
            0.31,
            0.314,
            0.31,
            0.304
        ],
        [
            0.278,
            0.279,
            0.274,
            0.265
        ],
        [
            0.244,
            0.239,
            0.237,
            0.231
        ],
        [
            0.208,
            0.201,
            0.199,
            0.199
        ],
        [
            0.213,
            0.206,
            0.205,
            0.205
        ],
        [
            0.206,
            0.209,
            0.211,
            0.208
        ],
        [
            0.201,
            0.21,
            0.213,
            0.21
        ],
        [
            0.201,
            0.206,
            0.208,
            0.21
        ],
        [
            0.204,
            0.239,
            0.243,
            0.245
        ],
        [
            0.244,
            0.27,
            0.278,
            0.28
        ],
        [
            0.284,
            0.306,
            0.319,
            0.308
        ],
        [
            0.318,
            0.34,
            0.349,
            0.339
        ],
        [
            0.343,
            0.349,
            0.354,
            0.342
        ],
        [
            0.344,
            0.35,
            0.353,
            0.34
        ],
        [
            0.342,
            0.349,
            0.35,
            0.341
        ],
        [
            0.329,
            0.346,
            0.349,
            0.343
        ],
        [
            0.293,
            0.304,
            0.309,
            0.307
        ],
        [
            0.253,
            0.266,
            0.27,
            0.27
        ],
        [
            0.21,
            0.232,
            0.235,
            0.231
        ],
        [
            0.198,
            0.197,
            0.201,
            0.197
        ],
        [
            0.203,
            0.196,
            0.202,
            0.201
        ],
        [
            0.201,
            0.198,
            0.2,
            0.202
        ],
        [
            0.202,
            0.201,
            0.198,
            0.202
        ],
        [
            0.196,
            0.2,
            0.196,
            0.201
        ],
        [
            0.23,
            0.238,
            0.234,
            0.233
        ],
        [
            0.269,
            0.275,
            0.272,
            0.273
        ],
        [
            0.304,
            0.31,
            0.315,
            0.311
        ],
        [
            0.343,
            0.349,
            0.351,
            0.346
        ],
        [
            0.346,
            0.348,
            0.348,
            0.348
        ],
        [
            0.346,
            0.346,
            0.348,
            0.345
        ],
        [
            0.343,
            0.345,
            0.35,
            0.346
        ],
        [
            0.31,
            0.307,
            0.309,
            0.31
        ],
        [
            0.263,
            0.274,
            0.274,
            0.272
        ],
        [
            0.228,
            0.239,
            0.236,
            0.238
        ],
        [
            0.2,
            0.202,
            0.197,
            0.204
        ],
        [
            0.2,
            0.209,
            0.199,
            0.193
        ],
        [
            0.211,
            0.204,
            0.202,
            0.193
        ],
        [
            0.209,
            0.196,
            0.201,
            0.197
        ],
        [
            0.206,
            0.198,
            0.197,
            0.199
        ],
        [
            0.195,
            0.197,
            0.202,
            0.224
        ],
        [
            0.226,
            0.236,
            0.241,
            0.261
        ],
        [
            0.264,
            0.279,
            0.279,
            0.299
        ],
        [
            0.302,
            0.32,
            0.321,
            0.336
        ],
        [
