{
    "event_type": "flower_visit",
    "event_id": "flower_1_20260226031047738395",
    "flower_id": "flower_1",
    "background_dist": 0.35,
    "start_time": 1772097045.938497,
    "end_time": 1772097047.7382662,
    "num_scans": 27,
    "angles": [
        144,
        145,
        146,
        147
    ],
    "distance_series": [
        [
            0.309,
            0.322,
            0.325,
            0.341
        ],
        [
            0.307,
            0.313,
            0.321,
            0.332
        ],
        [
            0.303,
            0.305,
            0.313,
            0.324
        ],
        [
            0.303,
            0.302,
            0.309,
            0.311
        ],
        [
            0.3,
            0.303,
            0.306,
            0.308
        ],
        [
            0.303,
            0.309,
            0.307,
            0.305
        ],
        [
            0.302,
            0.31,
            0.315,
            0.312
        ],
        [
            0.307,
            0.317,
            0.319,
            0.321
        ],
        [
            0.311,
            0.328,
            0.332,
            0.331
        ],
        [
            0.317,
            0.331,
            0.339,
            0.347
        ],
        [
            0.32,
            0.332,
            0.342,
            0.346
        ],
        [
            0.316,
            0.323,
            0.341,
            0.344
        ],
        [
            0.313,
            0.312,
            0.334,
            0.328
        ],
        [
            0.309,
            0.31,
            0.321,
            0.316
        ],
        [
            0.307,
            0.311,
            0.31,
            0.307
        ],
        [
            0.308,
            0.309,
            0.307,
            0.305
        ],
        [
            0.307,
            0.308,
            0.308,
            0.308
        ],
        [
            0.303,
            0.308,
            0.313,
            0.313
        ],
        [
            0.314,
            0.321,
            0.325,
            0.326
        ],
        [
            0.325,
            0.333,
            0.338,
            0.335
        ],
        [
            0.337,
            0.344,
            0.345,
            0.342
        ],
        [
            0.346,
            0.354,
            0.352,
            0.35
        ],
        [
            0.346,
            0.361,
            0.36,
            0.349
        ],
        [
            0.345,
            0.358,
            0.358,
            0.347
        ],
        [
            0.347,
            0.356,
            0.354,
            0.347
        ],
        [
            0.35,
            0.353,
            0.355,
            0.349
        ],
        [
            0.349,
            0.351,
            0.358,
            0.347
        ]
    ],
    "timestamp": "2026-02-26T03:10:47.738488",
    "label": "bee"
}