{
    "event_type": "flower_visit",
    "event_id": "flower_1_20260226032930861137",
    "flower_id": "flower_1",
    "background_dist": 0.35,
    "start_time": 1772098166.927097,
    "end_time": 1772098170.860993,
    "num_scans": 59,
    "angles": [
        144,
        145,
        146,
        147
    ],
    "distance_series": [
        [
            0.281,
            0.321,
            0.343,
            0.346
        ],
        [
            0.278,
            0.31,
            0.333,
            0.344
        ],
        [
            0.279,
            0.3,
            0.326,
            0.341
        ],
        [
            0.276,
            0.295,
            0.319,
            0.34
        ],
        [
            0.283,
            0.285,
            0.31,
            0.342
        ],
        [
            0.282,
            0.28,
            0.309,
            0.339
        ],
        [
            0.283,
            0.277,
            0.309,
            0.334
        ],
        [
            0.284,
            0.276,
            0.306,
            0.326
        ],
        [
            0.284,
            0.276,
            0.307,
            0.326
        ],
        [
            0.284,
            0.277,
            0.305,
            0.326
        ],
        [
            0.286,
            0.278,
            0.302,
            0.323
        ],
        [
            0.284,
            0.274,
            0.299,
            0.323
        ],
        [
            0.282,
            0.278,
            0.296,
            0.32
        ],
        [
            0.284,
            0.282,
            0.294,
            0.315
        ],
        [
            0.287,
            0.281,
            0.292,
            0.31
        ],
        [
            0.286,
            0.283,
            0.288,
            0.305
        ],
        [
            0.29,
            0.279,
            0.281,
            0.3
        ],
        [
            0.291,
            0.283,
            0.276,
            0.296
        ],
        [
            0.285,
            0.284,
            0.277,
            0.297
        ],
        [
            0.291,
            0.285,
            0.278,
            0.297
        ],
        [
            0.291,
            0.286,
            0.28,
            0.291
        ],
        [
            0.294,
            0.286,
            0.282,
            0.286
        ],
        [
            0.299,
            0.288,
            0.287,
            0.281
        ],
        [
            0.298,
            0.292,
            0.291,
            0.276
        ],
        [
            0.296,
            0.293,
            0.285,
            0.272
        ],
        [
            0.296,
            0.294,
            0.284,
            0.277
        ],
        [
            0.295,
            0.298,
            0.287,
            0.28
        ],
        [
            0.297,
            0.3,
            0.282,
            0.281
        ],
        [
            0.292,
            0.297,
            0.285,
            0.284
        ],
        [
            0.29,
            0.297,
            0.291,
            0.287
        ],
        [
            0.291,
            0.294,
            0.292,
            0.293
        ],
        [
            0.289,
            0.293,
            0.296,
            0.292
        ],
        [
            0.297,
            0.294,
            0.297,
            0.291
        ],
        [
            0.29,
            0.294,
            0.298,
            0.29
        ],
        [
            0.286,
            0.298,
            0.292,
            0.287
        ],
        [
            0.285,
            0.293,
            0.294,
            0.29
        ],
        [
            0.289,
            0.287,
            0.293,
            0.291
        ],
        [
            0.288,
            0.282,
            0.292,
            0.291
        ],
        [
            0.284,
            0.282,
            0.289,
            0.293
        ],
        [
            0.284,
            0.28,
            0.287,
            0.286
        ],
        [
            0.283,
            0.279,
            0.285,
            0.283
        ],
        [
            0.283,
            0.278,
            0.282,
            0.28
        ],
        [
            0.283,
            0.282,
            0.277,
            0.281
        ],
        [
            0.288,
            0.278,
            0.273,
            0.283
        ],
        [
            0.29,
            0.281,
            0.268,
            0.283
        ],
        [
            0.285,
            0.284,
            0.271,
            0.278
        ],
        [
            0.293,
            0.288,
            0.279,
            0.279
        ],
        [
            0.305,
            0.296,
            0.283,
            0.281
        ],
        [
            0.319,
            0.312,
            0.302,
            0.282
        ],
        [
            0.334,
            0.326,
            0.318,
            0.292
        ],
        [
            0.339,
            0.341,
            0.331,
            0.305
        ],
        [
            0.342,
            0.345,
            0.345,
            0.318
        ],
        [
            0.345,
            0.349,
            0.35,
            0.328
        ],
        [
            0.342,
            0.353,
            0.353,
            0.336
        ],
        [
            0.345,
            0.351,
            0.354,
            0.344
        ],
        [
            0.343,
            0.356,
            0.348,
            0.344
        ],
        [
            0.343,
            0.356,
            0.351,
            0.343
        ],
        [
            0.349,
            0.356,
            0.352,
            0.345
        ],
        [
            0.348,
            0.35,
            0.347,
            0.345
        ]
    ],
    "timestamp": "2026-02-26T03:29:30.861236",
    "label": "not_bee"
}