{
    "event_type": "flower_visit",
    "event_id": "flower_1_20260226032604596533",
    "flower_id": "flower_1",
    "background_dist": 0.35,
    "start_time": 1772097962.5298948,
    "end_time": 1772097964.596392,
    "num_scans": 31,
    "angles": [
        144,
        145,
        146,
        147
    ],
    "distance_series": [
        [
            0.297,
            0.308,
            0.301,
            0.32
        ],
        [
            0.289,
            0.312,
            0.321,
            0.328
        ],
        [
            0.297,
            0.316,
            0.321,
            0.331
        ],
        [
            0.306,
            0.328,
            0.328,
            0.33
        ],
        [
            0.296,
            0.327,
            0.33,
            0.328
        ],
        [
            0.297,
            0.324,
            0.33,
            0.328
        ],
        [
            0.304,
            0.319,
            0.329,
            0.325
        ],
        [
            0.301,
            0.319,
            0.324,
            0.327
        ],
        [
            0.309,
            0.319,
            0.329,
            0.33
        ],
        [
            0.313,
            0.319,
            0.331,
            0.329
        ],
        [
            0.312,
            0.321,
            0.331,
            0.326
        ],
        [
            0.31,
            0.322,
            0.323,
            0.326
        ],
        [
            0.316,
            0.323,
            0.319,
            0.324
        ],
        [
            0.322,
            0.326,
            0.317,
            0.324
        ],
        [
            0.326,
            0.326,
            0.319,
            0.323
        ],
        [
            0.329,
            0.326,
            0.318,
            0.32
        ],
        [
            0.325,
            0.328,
            0.319,
            0.325
        ],
        [
            0.322,
            0.327,
            0.321,
            0.327
        ],
        [
            0.313,
            0.318,
            0.307,
            0.314
        ],
        [
            0.297,
            0.308,
            0.295,
            0.302
        ],
        [
            0.305,
            0.31,
            0.302,
            0.297
        ],
        [
            0.31,
            0.315,
            0.3,
            0.29
        ],
        [
            0.326,
            0.324,
            0.321,
            0.306
        ],
        [
            0.347,
            0.345,
            0.343,
            0.327
        ],
        [
            0.348,
            0.342,
            0.346,
            0.338
        ],
        [
            0.351,
            0.348,
            0.352,
            0.349
        ],
        [
            0.348,
            0.351,
            0.353,
            0.352
        ],
        [
            0.345,
            0.353,
            0.354,
            0.35
        ],
        [
            0.343,
            0.353,
            0.352,
            0.352
        ],
        [
            0.345,
            0.355,
            0.349,
            0.351
        ],
        [
            0.345,
            0.353,
            0.355,
            0.349
        ]
    ],
    "timestamp": "2026-02-26T03:26:04.596615",
    "label": "not_bee"
}