{
    "event_type": "flower_visit",
    "event_id": "flower_1_20260226032903461232",
    "flower_id": "flower_1",
    "background_dist": 0.35,
    "start_time": 1772098140.92782,
    "end_time": 1772098143.461091,
    "num_scans": 38,
    "angles": [
        144,
        145,
        146,
        147
    ],
    "distance_series": [
        [
            0.308,
            0.303,
            0.302,
            0.294
        ],
        [
            0.308,
            0.312,
            0.302,
            0.294
        ],
        [
            0.311,
            0.305,
            0.301,
            0.293
        ],
        [
            0.314,
            0.303,
            0.298,
            0.297
        ],
        [
            0.313,
            0.309,
            0.298,
            0.3
        ],
        [
            0.314,
            0.309,
            0.297,
            0.301
        ],
        [
            0.314,
            0.303,
            0.303,
            0.301
        ],
        [
            0.306,
            0.301,
            0.303,
            0.302
        ],
        [
            0.302,
            0.302,
            0.299,
            0.299
        ],
        [
            0.3,
            0.3,
            0.3,
            0.3
        ],
        [
            0.305,
            0.299,
            0.302,
            0.3
        ],
        [
            0.307,
            0.305,
            0.308,
            0.3
        ],
        [
            0.319,
            0.308,
            0.306,
            0.304
        ],
        [
            0.312,
            0.308,
            0.306,
            0.306
        ],
        [
            0.315,
            0.308,
            0.301,
            0.308
        ],
        [
            0.319,
            0.308,
            0.3,
            0.31
        ],
        [
            0.317,
            0.31,
            0.303,
            0.305
        ],
        [
            0.321,
            0.313,
            0.306,
            0.306
        ],
        [
            0.322,
            0.313,
            0.313,
            0.306
        ],
        [
            0.328,
            0.311,
            0.314,
            0.309
        ],
        [
            0.324,
            0.307,
            0.308,
            0.311
        ],
        [
            0.316,
            0.305,
            0.307,
            0.305
        ],
        [
            0.313,
            0.309,
            0.304,
            0.297
        ],
        [
            0.314,
            0.314,
            0.3,
            0.303
        ],
        [
            0.313,
            0.313,
            0.303,
            0.305
        ],
        [
            0.317,
            0.315,
            0.3,
            0.3
        ],
        [
            0.307,
            0.316,
            0.301,
            0.3
        ],
        [
            0.305,
            0.311,
            0.295,
            0.293
        ],
        [
            0.312,
            0.313,
            0.308,
            0.307
        ],
        [
            0.316,
            0.327,
            0.321,
            0.314
        ],
        [
            0.334,
            0.34,
            0.337,
            0.327
        ],
        [
            0.345,
            0.357,
            0.353,
            0.347
        ],
        [
            0.349,
            0.354,
            0.354,
            0.345
        ],
        [
            0.348,
            0.354,
            0.353,
            0.346
        ],
        [
            0.343,
            0.348,
            0.351,
            0.344
        ],
        [
            0.344,
            0.35,
            0.352,
            0.34
        ],
        [
            0.345,
            0.348,
            0.342,
            0.342
        ],
        [
            0.346,
            0.349,
            0.346,
            0.346
        ]
    ],
    "timestamp": "2026-02-26T03:29:03.461321",
    "label": "not_bee"
}