{
    "event_type": "flower_visit",
    "event_id": "flower_1_20260226032224264665",
    "flower_id": "flower_1",
    "background_dist": 0.35,
    "start_time": 1772097741.398418,
    "end_time": 1772097744.2645178,
    "num_scans": 43,
    "angles": [
        144,
        145,
        146,
        147
    ],
    "distance_series": [
        [
            0.264,
            0.263,
            0.258,
            0.261
        ],
        [
            0.264,
            0.263,
            0.259,
            0.26
        ],
        [
            0.261,
            0.264,
            0.262,
            0.26
        ],
        [
            0.258,
            0.266,
            0.264,
            0.263
        ],
        [
            0.26,
            0.263,
            0.267,
            0.265
        ],
        [
            0.259,
            0.262,
            0.264,
            0.27
        ],
        [
            0.258,
            0.266,
            0.26,
            0.27
        ],
        [
            0.255,
            0.258,
            0.259,
            0.266
        ],
        [
            0.257,
            0.261,
            0.253,
            0.265
        ],
        [
            0.255,
            0.259,
            0.257,
            0.257
        ],
        [
            0.255,
            0.258,
            0.258,
            0.261
        ],
        [
            0.256,
            0.26,
            0.254,
            0.26
        ],
        [
            0.259,
            0.257,
            0.258,
            0.261
        ],
        [
            0.261,
            0.257,
            0.256,
            0.264
        ],
        [
            0.262,
            0.255,
            0.263,
            0.263
        ],
        [
            0.264,
            0.255,
            0.266,
            0.264
        ],
        [
            0.262,
            0.258,
            0.267,
            0.264
        ],
        [
            0.264,
            0.257,
            0.267,
            0.261
        ],
        [
            0.259,
            0.259,
            0.264,
            0.263
        ],
        [
            0.258,
            0.26,
            0.26,
            0.264
        ],
        [
            0.26,
            0.259,
            0.261,
            0.261
        ],
        [
            0.261,
            0.26,
            0.26,
            0.261
        ],
        [
            0.259,
            0.262,
            0.266,
            0.255
        ],
        [
            0.257,
            0.261,
            0.267,
            0.257
        ],
        [
            0.254,
            0.263,
            0.266,
            0.259
        ],
        [
            0.253,
            0.261,
            0.264,
            0.26
        ],
        [
            0.257,
            0.262,
            0.264,
            0.257
        ],
        [
            0.258,
            0.263,
            0.259,
            0.257
        ],
        [
            0.258,
            0.262,
            0.259,
            0.26
        ],
        [
            0.259,
            0.265,
            0.263,
            0.259
        ],
        [
            0.262,
            0.261,
            0.26,
            0.257
        ],
        [
            0.264,
            0.26,
            0.263,
            0.259
        ],
        [
            0.268,
            0.266,
            0.267,
            0.26
        ],
        [
            0.286,
            0.282,
            0.287,
            0.28
        ],
        [
            0.301,
            0.305,
            0.312,
            0.301
        ],
        [
            0.323,
            0.326,
            0.333,
            0.32
        ],
        [
            0.345,
            0.343,
            0.352,
            0.338
        ],
        [
            0.345,
            0.345,
            0.351,
            0.343
        ],
        [
            0.347,
            0.343,
            0.351,
            0.345
        ],
        [
            0.348,
            0.35,
            0.353,
            0.345
        ],
        [
            0.346,
            0.346,
            0.351,
            0.344
        ],
        [
            0.344,
            0.347,
            0.351,
            0.345
        ],
        [
            0.345,
            0.352,
            0.348,
            0.346
        ]
    ],
    "timestamp": "2026-02-26T03:22:24.264750",
    "label": "not_bee"
}