{
    "event_type": "flower_visit",
    "event_id": "flower_1_20260226030822073955",
    "flower_id": "flower_1",
    "background_dist": 0.35,
    "start_time": 1772096900.0737019,
    "end_time": 1772096902.073816,
    "num_scans": 30,
    "angles": [
        144,
        145,
        146,
        147
    ],
    "distance_series": [
        [
            0.314,
            0.315,
            0.321,
            0.311
        ],
        [
            0.323,
            0.318,
            0.321,
            0.309
        ],
        [
            0.329,
            0.321,
            0.319,
            0.309
        ],
        [
            0.33,
            0.324,
            0.317,
            0.309
        ],
        [
            0.336,
            0.32,
            0.315,
            0.305
        ],
        [
            0.333,
            0.319,
            0.309,
            0.303
        ],
        [
            0.33,
            0.316,
            0.31,
            0.3
        ],
        [
            0.325,
            0.317,
            0.312,
            0.3
        ],
        [
            0.315,
            0.317,
            0.309,
            0.303
        ],
        [
            0.31,
            0.317,
            0.318,
            0.307
        ],
        [
            0.306,
            0.315,
            0.315,
            0.311
        ],
        [
            0.31,
            0.319,
            0.318,
            0.308
        ],
        [
            0.313,
            0.319,
            0.323,
            0.308
        ],
        [
            0.318,
            0.322,
            0.323,
            0.308
        ],
        [
            0.327,
            0.325,
            0.324,
            0.308
        ],
        [
            0.331,
            0.326,
            0.321,
            0.301
        ],
        [
            0.334,
            0.338,
            0.318,
            0.297
        ],
        [
            0.339,
            0.344,
            0.324,
            0.296
        ],
        [
            0.339,
            0.347,
            0.324,
            0.29
        ],
        [
            0.342,
            0.343,
            0.321,
            0.291
        ],
        [
            0.342,
            0.336,
            0.319,
            0.298
        ],
        [
            0.334,
            0.327,
            0.32,
            0.31
        ],
        [
            0.331,
            0.323,
            0.326,
            0.321
        ],
        [
            0.323,
            0.327,
            0.33,
            0.33
        ],
        [
            0.33,
            0.327,
            0.335,
            0.331
        ],
        [
            0.338,
            0.343,
            0.338,
            0.334
        ],
        [
            0.337,
            0.352,
            0.343,
            0.337
        ],
        [
            0.342,
            0.351,
            0.349,
            0.339
        ],
        [
            0.342,
            0.358,
            0.352,
            0.342
        ],
        [
            0.342,
            0.35,
            0.354,
            0.352
        ]
    ],
    "timestamp": "2026-02-26T03:08:22.074043",
    "label": "bee"
}