{
    "event_type": "flower_visit",
    "event_id": "flower_1_20260226032828062032",
    "flower_id": "flower_1",
    "background_dist": 0.35,
    "start_time": 1772098105.927603,
    "end_time": 1772098108.061889,
    "num_scans": 32,
    "angles": [
        144,
        145,
        146,
        147
    ],
    "distance_series": [
        [
            0.085,
            0.085,
            0.08,
            0.076
        ],
        [
            0.081,
            0.083,
            0.082,
            0.078
        ],
        [
            0.081,
            0.089,
            0.085,
            0.078
        ],
        [
            0.086,
            0.093,
            0.082,
            0.079
        ],
        [
            0.084,
            0.091,
            0.083,
            0.079
        ],
        [
            0.085,
            0.091,
            0.087,
            0.078
        ],
        [
            0.086,
            0.086,
            0.083,
            0.079
        ],
        [
            0.083,
            0.084,
            0.079,
            0.075
        ],
        [
            0.079,
            0.086,
            0.086,
            0.08
        ],
        [
            0.082,
            0.088,
            0.088,
            0.08
        ],
        [
            0.081,
            0.091,
            0.083,
            0.076
        ],
        [
            0.086,
            0.088,
            0.081,
            0.083
        ],
        [
            0.086,
            0.085,
            0.077,
            0.081
        ],
        [
            0.086,
            0.084,
            0.082,
            0.076
        ],
        [
            0.083,
            0.083,
            0.087,
            0.075
        ],
        [
            0.079,
            0.081,
            0.086,
            0.071
        ],
        [
            0.078,
            0.082,
            0.083,
            0.076
        ],
        [
            0.08,
            0.084,
            0.076,
            0.082
        ],
        [
            0.082,
            0.086,
            0.079,
            0.086
        ],
        [
            0.086,
            0.086,
            0.079,
            0.086
        ],
        [
            0.091,
            0.106,
            0.111,
            0.11
        ],
        [
            0.155,
            0.171,
            0.182,
            0.176
        ],
        [
            0.227,
            0.236,
            0.247,
            0.244
        ],
        [
            0.298,
            0.308,
            0.31,
            0.308
        ],
        [
            0.345,
            0.357,
            0.351,
            0.348
        ],
        [
            0.347,
            0.355,
            0.354,
            0.347
        ],
        [
            0.345,
            0.354,
            0.355,
            0.348
        ],
        [
            0.346,
            0.357,
            0.355,
            0.349
        ],
        [
            0.347,
            0.354,
            0.354,
            0.352
        ],
        [
            0.346,
            0.354,
            0.351,
            0.35
        ],
        [
            0.348,
            0.356,
            0.349,
            0.349
        ],
        [
            0.342,
            0.35,
            0.353,
            0.347
        ]
    ],
    "timestamp": "2026-02-26T03:28:28.062117",
    "label": "not_bee"
}