{
    "event_type": "flower_visit",
    "event_id": "flower_1_20260226032335330543",
    "flower_id": "flower_1",
    "background_dist": 0.35,
    "start_time": 1772097813.197612,
    "end_time": 1772097815.3304052,
    "num_scans": 32,
    "angles": [
        144,
        145,
        146,
        147
    ],
    "distance_series": [
        [
            0.288,
            0.291,
            0.288,
            0.291
        ],
        [
            0.289,
            0.292,
            0.289,
            0.289
        ],
        [
            0.291,
            0.292,
            0.285,
            0.29
        ],
        [
            0.29,
            0.292,
            0.286,
            0.289
        ],
        [
            0.288,
            0.291,
            0.29,
            0.287
        ],
        [
            0.288,
            0.291,
            0.288,
            0.285
        ],
        [
            0.289,
            0.286,
            0.286,
            0.288
        ],
        [
            0.29,
            0.29,
            0.286,
            0.288
        ],
        [
            0.289,
            0.292,
            0.286,
            0.293
        ],
        [
            0.289,
            0.292,
            0.286,
            0.288
        ],
        [
            0.289,
            0.292,
            0.289,
            0.284
        ],
        [
            0.29,
            0.292,
            0.287,
            0.289
        ],
        [
            0.289,
            0.288,
            0.288,
            0.286
        ],
        [
            0.29,
            0.288,
            0.288,
            0.288
        ],
        [
            0.286,
            0.287,
            0.285,
            0.285
        ],
        [
            0.285,
            0.287,
            0.288,
            0.286
        ],
        [
            0.283,
            0.288,
            0.283,
            0.283
        ],
        [
            0.278,
            0.287,
            0.283,
            0.286
        ],
        [
            0.279,
            0.284,
            0.282,
            0.286
        ],
        [
            0.279,
            0.285,
            0.284,
            0.283
        ],
        [
            0.285,
            0.284,
            0.287,
            0.284
        ],
        [
            0.285,
            0.284,
            0.287,
            0.286
        ],
        [
            0.298,
            0.302,
            0.31,
            0.301
        ],
        [
            0.31,
            0.318,
            0.324,
            0.319
        ],
        [
            0.324,
            0.336,
            0.341,
            0.333
        ],
        [
            0.342,
            0.356,
            0.357,
            0.346
        ],
        [
            0.343,
            0.354,
            0.353,
            0.346
        ],
        [
            0.345,
            0.355,
            0.35,
            0.347
        ],
        [
            0.349,
            0.349,
            0.347,
            0.346
        ],
        [
            0.342,
            0.347,
            0.35,
            0.348
        ],
        [
            0.344,
            0.343,
            0.349,
            0.344
        ],
        [
            0.343,
            0.341,
            0.354,
            0.345
        ]
    ],
    "timestamp": "2026-02-26T03:23:35.330638",
    "label": "not_bee"
}