{
    "event_type": "flower_visit",
    "event_id": "flower_1_20260226031829133115",
    "flower_id": "flower_1",
    "background_dist": 0.35,
    "start_time": 1772097505.733322,
    "end_time": 1772097509.133065,
    "num_scans": 51,
    "angles": [
        144,
        145,
        146,
        147
    ],
    "distance_series": [
        [
            0.311,
            0.338,
            0.342,
            0.328
        ],
        [
            0.317,
            0.339,
            0.342,
            0.328
        ],
        [
            0.319,
            0.335,
            0.347,
            0.329
        ],
        [
            0.319,
            0.336,
            0.348,
            0.325
        ],
        [
            0.312,
            0.338,
            0.347,
            0.331
        ],
        [
            0.309,
            0.332,
            0.347,
            0.334
        ],
        [
            0.305,
            0.332,
            0.342,
            0.335
        ],
        [
            0.304,
            0.332,
            0.339,
            0.334
        ],
        [
            0.305,
            0.321,
            0.338,
            0.329
        ],
        [
            0.313,
            0.323,
            0.34,
            0.329
        ],
        [
            0.325,
            0.323,
            0.338,
            0.325
        ],
        [
            0.333,
            0.322,
            0.338,
            0.323
        ],
        [
            0.337,
            0.326,
            0.34,
            0.326
        ],
        [
            0.334,
            0.327,
            0.339,
            0.327
        ],
        [
            0.326,
            0.333,
            0.337,
            0.332
        ],
        [
            0.318,
            0.334,
            0.338,
            0.336
        ],
        [
            0.313,
            0.339,
            0.338,
            0.339
        ],
        [
            0.311,
            0.336,
            0.343,
            0.342
        ],
        [
            0.311,
            0.333,
            0.342,
            0.34
        ],
        [
            0.309,
            0.333,
            0.335,
            0.331
        ],
        [
            0.317,
            0.33,
            0.334,
            0.324
        ],
        [
            0.32,
            0.328,
            0.328,
            0.315
        ],
        [
            0.327,
            0.324,
            0.326,
            0.31
        ],
        [
            0.331,
            0.319,
            0.333,
            0.314
        ],
        [
            0.327,
            0.323,
            0.331,
            0.317
        ],
        [
            0.321,
            0.328,
            0.335,
            0.325
        ],
        [
            0.317,
            0.332,
            0.336,
            0.335
        ],
        [
            0.308,
            0.337,
            0.338,
            0.341
        ],
        [
            0.309,
            0.335,
            0.337,
            0.341
        ],
        [
            0.305,
            0.325,
            0.337,
            0.34
        ],
        [
            0.305,
            0.326,
            0.34,
            0.338
        ],
        [
            0.304,
            0.324,
            0.341,
            0.327
        ],
        [
            0.309,
            0.324,
            0.339,
            0.32
        ],
        [
            0.315,
            0.33,
            0.338,
            0.318
        ],
        [
            0.318,
            0.328,
            0.334,
            0.321
        ],
        [
            0.318,
            0.331,
            0.336,
            0.321
        ],
        [
            0.315,
            0.335,
            0.335,
            0.327
        ],
        [
            0.314,
            0.338,
            0.336,
            0.33
        ],
        [
            0.313,
            0.337,
            0.34,
            0.338
        ],
        [
            0.306,
            0.332,
            0.335,
            0.336
        ],
        [
            0.304,
            0.327,
            0.328,
            0.336
        ],
        [
            0.308,
            0.315,
            0.326,
            0.337
        ],
        [
            0.307,
            0.319,
            0.316,
            0.324
        ],
        [
            0.315,
            0.325,
            0.321,
            0.331
        ],
        [
            0.328,
            0.333,
            0.333,
            0.329
        ],
        [
            0.34,
            0.345,
            0.342,
            0.337
        ],
        [
            0.345,
            0.349,
            0.353,
            0.347
        ],
        [
            0.344,
            0.346,
            0.357,
            0.342
        ],
        [
            0.342,
            0.347,
            0.357,
            0.342
        ],
        [
            0.34,
            0.351,
            0.354,
            0.344
        ],
        [
            0.336,
            0.351,
            0.354,
            0.345
        ]
    ],
    "timestamp": "2026-02-26T03:18:29.133149",
    "label": "bee"
}