{
    "event_type": "flower_visit",
    "event_id": "flower_1_20260226032448597301",
    "flower_id": "flower_1",
    "background_dist": 0.35,
    "start_time": 1772097885.929932,
    "end_time": 1772097888.597156,
    "num_scans": 40,
    "angles": [
        144,
        145,
        146,
        147
    ],
    "distance_series": [
        [
            0.251,
            0.261,
            0.258,
            0.241
        ],
        [
            0.253,
            0.262,
            0.264,
            0.24
        ],
        [
            0.254,
            0.255,
            0.262,
            0.242
        ],
        [
            0.254,
            0.263,
            0.262,
            0.246
        ],
        [
            0.258,
            0.263,
            0.263,
            0.247
        ],
        [
            0.257,
            0.262,
            0.254,
            0.244
        ],
        [
            0.254,
            0.267,
            0.255,
            0.244
        ],
        [
            0.254,
            0.259,
            0.253,
            0.242
        ],
        [
            0.251,
            0.259,
            0.253,
            0.244
        ],
        [
            0.25,
            0.258,
            0.257,
            0.242
        ],
        [
            0.252,
            0.26,
            0.259,
            0.241
        ],
        [
            0.246,
            0.264,
            0.258,
            0.241
        ],
        [
            0.245,
            0.26,
            0.259,
            0.24
        ],
        [
            0.244,
            0.261,
            0.254,
            0.243
        ],
        [
            0.246,
            0.261,
            0.253,
            0.244
        ],
        [
            0.249,
            0.26,
            0.255,
            0.248
        ],
        [
            0.25,
            0.26,
            0.253,
            0.245
        ],
        [
            0.25,
            0.264,
            0.256,
            0.247
        ],
        [
            0.249,
            0.26,
            0.259,
            0.241
        ],
        [
            0.25,
            0.259,
            0.259,
            0.238
        ],
        [
            0.247,
            0.262,
            0.261,
            0.241
        ],
        [
            0.249,
            0.258,
            0.258,
            0.243
        ],
        [
            0.25,
            0.263,
            0.264,
            0.243
        ],
        [
            0.252,
            0.269,
            0.261,
            0.243
        ],
        [
            0.254,
            0.264,
            0.257,
            0.243
        ],
        [
            0.257,
            0.263,
            0.254,
            0.247
        ],
        [
            0.26,
            0.261,
            0.253,
            0.246
        ],
        [
            0.258,
            0.256,
            0.249,
            0.244
        ],
        [
            0.256,
            0.25,
            0.246,
            0.246
        ],
        [
            0.246,
            0.246,
            0.238,
            0.238
        ],
        [
            0.271,
            0.268,
            0.261,
            0.264
        ],
        [
            0.292,
            0.295,
            0.292,
            0.293
        ],
        [
            0.316,
            0.318,
            0.318,
            0.317
        ],
        [
            0.342,
            0.355,
            0.346,
            0.35
        ],
        [
            0.341,
            0.353,
            0.348,
            0.351
        ],
        [
            0.341,
            0.355,
            0.346,
            0.348
        ],
        [
            0.34,
            0.352,
            0.348,
            0.348
        ],
        [
            0.342,
            0.353,
            0.348,
            0.346
        ],
        [
            0.346,
            0.351,
            0.353,
            0.344
        ],
        [
            0.347,
            0.346,
            0.358,
            0.346
        ]
    ],
    "timestamp": "2026-02-26T03:24:48.597388",
    "label": "not_bee"
}