{
    "event_type": "flower_visit",
    "event_id": "flower_1_20260226031308136341",
    "flower_id": "flower_1",
    "background_dist": 0.35,
    "start_time": 1772097185.80335,
    "end_time": 1772097188.1363032,
    "num_scans": 35,
    "angles": [
        144,
        145,
        146,
        147
    ],
    "distance_series": [
        [
            0.31,
            0.31,
            0.321,
            0.327
        ],
        [
            0.315,
            0.316,
            0.324,
            0.322
        ],
        [
            0.326,
            0.325,
            0.326,
            0.317
        ],
        [
            0.334,
            0.339,
            0.337,
            0.317
        ],
        [
            0.346,
            0.347,
            0.339,
            0.317
        ],
        [
            0.347,
            0.353,
            0.342,
            0.318
        ],
        [
            0.344,
            0.35,
            0.344,
            0.318
        ],
        [
            0.338,
            0.34,
            0.326,
            0.311
        ],
        [
            0.324,
            0.324,
            0.32,
            0.303
        ],
        [
            0.314,
            0.313,
            0.311,
            0.308
        ],
        [
            0.305,
            0.307,
            0.305,
            0.31
        ],
        [
            0.297,
            0.308,
            0.302,
            0.318
        ],
        [
            0.303,
            0.314,
            0.316,
            0.323
        ],
        [
            0.309,
            0.317,
            0.318,
            0.32
        ],
        [
            0.319,
            0.322,
            0.32,
            0.313
        ],
        [
            0.335,
            0.331,
            0.327,
            0.314
        ],
        [
            0.342,
            0.341,
            0.333,
            0.318
        ],
        [
            0.342,
            0.348,
            0.33,
            0.317
        ],
        [
            0.34,
            0.345,
            0.331,
            0.316
        ],
        [
            0.334,
            0.334,
            0.323,
            0.305
        ],
        [
            0.324,
            0.319,
            0.313,
            0.301
        ],
        [
            0.315,
            0.306,
            0.306,
            0.301
        ],
        [
            0.305,
            0.302,
            0.307,
            0.303
        ],
        [
            0.301,
            0.302,
            0.307,
            0.304
        ],
        [
            0.311,
            0.313,
            0.311,
            0.311
        ],
        [
            0.32,
            0.324,
            0.32,
            0.309
        ],
        [
            0.332,
            0.335,
            0.333,
            0.31
        ],
        [
            0.343,
            0.344,
            0.338,
            0.319
        ],
        [
            0.344,
            0.352,
            0.349,
            0.331
        ],
        [
            0.342,
            0.352,
            0.351,
            0.342
        ],
        [
            0.334,
            0.35,
            0.352,
            0.345
        ],
        [
            0.337,
            0.349,
            0.354,
            0.347
        ],
        [
            0.34,
            0.35,
            0.353,
            0.348
        ],
        [
            0.341,
            0.351,
            0.351,
            0.347
        ],
        [
            0.341,
            0.348,
            0.351,
            0.344
        ]
    ],
    "timestamp": "2026-02-26T03:13:08.136372",
    "label": "bee"
}