{
    "event_type": "flower_visit",
    "event_id": "flower_1_20260226032438864199",
    "flower_id": "flower_1",
    "background_dist": 0.35,
    "start_time": 1772097876.1299882,
    "end_time": 1772097878.863947,
    "num_scans": 41,
    "angles": [
        144,
        145,
        146,
        147
    ],
    "distance_series": [
        [
            0.227,
            0.235,
            0.238,
            0.224
        ],
        [
            0.234,
            0.242,
            0.24,
            0.224
        ],
        [
            0.237,
            0.246,
            0.241,
            0.227
        ],
        [
            0.236,
            0.249,
            0.237,
            0.227
        ],
        [
            0.234,
            0.242,
            0.246,
            0.235
        ],
        [
            0.236,
            0.24,
            0.244,
            0.231
        ],
        [
            0.24,
            0.241,
            0.248,
            0.228
        ],
        [
            0.242,
            0.241,
            0.25,
            0.232
        ],
        [
            0.244,
            0.247,
            0.243,
            0.228
        ],
        [
            0.238,
            0.249,
            0.244,
            0.23
        ],
        [
            0.235,
            0.248,
            0.247,
            0.23
        ],
        [
            0.229,
            0.251,
            0.24,
            0.229
        ],
        [
            0.233,
            0.25,
            0.242,
            0.232
        ],
        [
            0.236,
            0.247,
            0.249,
            0.23
        ],
        [
            0.233,
            0.245,
            0.249,
            0.231
        ],
        [
            0.236,
            0.241,
            0.244,
            0.233
        ],
        [
            0.236,
            0.248,
            0.244,
            0.235
        ],
        [
            0.238,
            0.246,
            0.241,
            0.236
        ],
        [
            0.243,
            0.247,
            0.238,
            0.233
        ],
        [
            0.243,
            0.249,
            0.243,
            0.232
        ],
        [
            0.243,
            0.245,
            0.249,
            0.231
        ],
        [
            0.24,
            0.247,
            0.249,
            0.232
        ],
        [
            0.234,
            0.244,
            0.246,
            0.235
        ],
        [
            0.231,
            0.245,
            0.246,
            0.234
        ],
        [
            0.228,
            0.244,
            0.244,
            0.229
        ],
        [
            0.232,
            0.248,
            0.24,
            0.23
        ],
        [
            0.233,
            0.244,
            0.243,
            0.232
        ],
        [
            0.233,
            0.245,
            0.242,
            0.234
        ],
        [
            0.239,
            0.244,
            0.239,
            0.23
        ],
        [
            0.233,
            0.237,
            0.232,
            0.228
        ],
        [
            0.258,
            0.263,
            0.257,
            0.25
        ],
        [
            0.281,
            0.292,
            0.284,
            0.279
        ],
        [
            0.311,
            0.318,
            0.311,
            0.311
        ],
        [
            0.341,
            0.35,
            0.345,
            0.346
        ],
        [
            0.34,
            0.35,
            0.345,
            0.347
        ],
        [
            0.344,
            0.35,
            0.341,
            0.345
        ],
        [
            0.343,
            0.35,
            0.342,
            0.347
        ],
        [
            0.343,
            0.353,
            0.342,
            0.346
        ],
        [
            0.342,
            0.353,
            0.341,
            0.342
        ],
        [
            0.345,
            0.35,
            0.345,
            0.342
        ],
        [
            0.348,
            0.35,
            0.348,
            0.342
        ]
    ],
    "timestamp": "2026-02-26T03:24:38.864284",
    "label": "not_bee"
}