{
    "event_type": "flower_visit",
    "event_id": "flower_1_20260226032330597369",
    "flower_id": "flower_1",
    "background_dist": 0.35,
    "start_time": 1772097807.930416,
    "end_time": 1772097810.597225,
    "num_scans": 40,
    "angles": [
        144,
        145,
        146,
        147
    ],
    "distance_series": [
        [
            0.315,
            0.319,
            0.314,
            0.313
        ],
        [
            0.309,
            0.312,
            0.314,
            0.309
        ],
        [
            0.309,
            0.31,
            0.311,
            0.311
        ],
        [
            0.311,
            0.31,
            0.314,
            0.312
        ],
        [
            0.308,
            0.304,
            0.311,
            0.31
        ],
        [
            0.313,
            0.305,
            0.307,
            0.313
        ],
        [
            0.313,
            0.308,
            0.31,
            0.308
        ],
        [
            0.311,
            0.31,
            0.312,
            0.315
        ],
        [
            0.309,
            0.312,
            0.311,
            0.319
        ],
        [
            0.309,
            0.31,
            0.31,
            0.316
        ],
        [
            0.309,
            0.311,
            0.311,
            0.313
        ],
        [
            0.308,
            0.312,
            0.308,
            0.311
        ],
        [
            0.308,
            0.311,
            0.307,
            0.31
        ],
        [
            0.306,
            0.312,
            0.304,
            0.31
        ],
        [
            0.304,
            0.311,
            0.302,
            0.309
        ],
        [
            0.306,
            0.307,
            0.3,
            0.31
        ],
        [
            0.31,
            0.309,
            0.3,
            0.307
        ],
        [
            0.308,
            0.313,
            0.3,
            0.313
        ],
        [
            0.308,
            0.314,
            0.304,
            0.311
        ],
        [
            0.307,
            0.315,
            0.303,
            0.313
        ],
        [
            0.307,
            0.31,
            0.304,
            0.316
        ],
        [
            0.307,
            0.306,
            0.304,
            0.314
        ],
        [
            0.307,
            0.304,
            0.304,
            0.314
        ],
        [
            0.31,
            0.306,
            0.305,
            0.316
        ],
        [
            0.309,
            0.309,
            0.306,
            0.316
        ],
        [
            0.308,
            0.31,
            0.31,
            0.318
        ],
        [
            0.307,
            0.305,
            0.31,
            0.317
        ],
        [
            0.306,
            0.305,
            0.308,
            0.314
        ],
        [
            0.309,
            0.305,
            0.309,
            0.315
        ],
        [
            0.31,
            0.304,
            0.31,
            0.31
        ],
        [
            0.306,
            0.308,
            0.311,
            0.307
        ],
        [
            0.306,
            0.306,
            0.315,
            0.304
        ],
        [
            0.315,
            0.316,
            0.322,
            0.315
        ],
        [
            0.323,
            0.329,
            0.331,
            0.327
        ],
        [
            0.337,
            0.342,
            0.341,
            0.337
        ],
        [
            0.349,
            0.359,
            0.349,
            0.347
        ],
        [
            0.347,
            0.353,
            0.349,
            0.345
        ],
        [
            0.348,
            0.352,
            0.348,
            0.342
        ],
        [
            0.346,
            0.351,
            0.349,
            0.343
        ],
        [
            0.347,
            0.348,
            0.35,
            0.346
        ]
    ],
    "timestamp": "2026-02-26T03:23:30.597456",
    "label": "not_bee"
}