{
    "event_type": "flower_visit",
    "event_id": "flower_1_20260226031232204537",
    "flower_id": "flower_1",
    "background_dist": 0.35,
    "start_time": 1772097150.337183,
    "end_time": 1772097152.204399,
    "num_scans": 28,
    "angles": [
        144,
        145,
        146,
        147
    ],
    "distance_series": [
        [
            0.312,
            0.322,
            0.321,
            0.311
        ],
        [
            0.32,
            0.326,
            0.328,
            0.312
        ],
        [
            0.326,
            0.329,
            0.327,
            0.314
        ],
        [
            0.334,
            0.328,
            0.331,
            0.31
        ],
        [
            0.337,
            0.326,
            0.329,
            0.313
        ],
        [
            0.333,
            0.328,
            0.329,
            0.309
        ],
        [
            0.327,
            0.323,
            0.334,
            0.309
        ],
        [
            0.318,
            0.322,
            0.327,
            0.309
        ],
        [
            0.317,
            0.323,
            0.322,
            0.307
        ],
        [
            0.316,
            0.325,
            0.323,
            0.307
        ],
        [
            0.318,
            0.322,
            0.326,
            0.311
        ],
        [
            0.319,
            0.324,
            0.33,
            0.31
        ],
        [
            0.32,
            0.324,
            0.325,
            0.312
        ],
        [
            0.325,
            0.321,
            0.325,
            0.311
        ],
        [
            0.324,
            0.324,
            0.331,
            0.311
        ],
        [
            0.329,
            0.324,
            0.327,
            0.311
        ],
        [
            0.332,
            0.323,
            0.327,
            0.311
        ],
        [
            0.328,
            0.322,
            0.328,
            0.308
        ],
        [
            0.332,
            0.325,
            0.328,
            0.307
        ],
        [
            0.332,
            0.334,
            0.333,
            0.314
        ],
        [
            0.334,
            0.338,
            0.339,
            0.321
        ],
        [
            0.341,
            0.348,
            0.344,
            0.334
        ],
        [
            0.342,
            0.349,
            0.345,
            0.34
        ],
        [
            0.345,
            0.349,
            0.348,
            0.341
        ],
        [
            0.345,
            0.348,
            0.348,
            0.342
        ],
        [
            0.346,
            0.348,
            0.35,
            0.343
        ],
        [
            0.348,
            0.349,
            0.346,
            0.348
        ],
        [
            0.347,
            0.35,
            0.352,
            0.346
        ]
    ],
    "timestamp": "2026-02-26T03:12:32.204629",
    "label": "bee"
}