{
    "event_type": "flower_visit",
    "event_id": "flower_1_20260226032658262022",
    "flower_id": "flower_1",
    "background_dist": 0.35,
    "start_time": 1772098010.795541,
    "end_time": 1772098018.2618828,
    "num_scans": 112,
    "angles": [
        144,
        145,
        146,
        147
    ],
    "distance_series": [
        [
            0.177,
            0.183,
            0.183,
            0.183
        ],
        [
            0.184,
            0.193,
            0.22,
            0.225
        ],
        [
            0.216,
            0.242,
            0.259,
            0.267
        ],
        [
            0.253,
            0.285,
            0.3,
            0.307
        ],
        [
            0.267,
            0.299,
            0.335,
            0.344
        ],
        [
            0.262,
            0.293,
            0.304,
            0.306
        ],
        [
            0.228,
            0.249,
            0.262,
            0.269
        ],
        [
            0.204,
            0.21,
            0.221,
            0.233
        ],
        [
            0.197,
            0.199,
            0.195,
            0.198
        ],
        [
            0.202,
            0.201,
            0.197,
            0.201
        ],
        [
            0.203,
            0.203,
            0.204,
            0.208
        ],
        [
            0.198,
            0.205,
            0.206,
            0.215
        ],
        [
            0.204,
            0.211,
            0.205,
            0.212
        ],
        [
            0.204,
            0.208,
            0.201,
            0.205
        ],
        [
            0.209,
            0.208,
            0.198,
            0.206
        ],
        [
            0.206,
            0.21,
            0.201,
            0.201
        ],
        [
            0.198,
            0.211,
            0.229,
            0.24
        ],
        [
            0.199,
            0.217,
            0.268,
            0.281
        ],
        [
            0.198,
            0.213,
            0.285,
            0.3
        ],
        [
            0.194,
            0.205,
            0.281,
            0.303
        ],
        [
            0.196,
            0.211,
            0.249,
            0.261
        ],
        [
            0.2,
            0.202,
            0.219,
            0.229
        ],
        [
            0.202,
            0.206,
            0.206,
            0.196
        ],
        [
            0.208,
            0.215,
            0.212,
            0.199
        ],
        [
            0.209,
            0.21,
            0.213,
            0.21
        ],
        [
            0.209,
            0.21,
            0.215,
            0.213
        ],
        [
            0.205,
            0.211,
            0.214,
            0.216
        ],
        [
            0.205,
            0.207,
            0.208,
            0.21
        ],
        [
            0.202,
            0.199,
            0.206,
            0.207
        ],
        [
            0.204,
            0.195,
            0.201,
            0.2
        ],
        [
            0.218,
            0.229,
            0.232,
            0.235
        ],
        [
            0.247,
            0.269,
            0.271,
            0.275
        ],
        [
            0.276,
            0.308,
            0.307,
            0.311
        ],
        [
            0.277,
            0.317,
            0.314,
            0.314
        ],
        [
            0.263,
            0.273,
            0.276,
            0.271
        ],
        [
            0.23,
            0.241,
            0.24,
            0.229
        ],
        [
            0.207,
            0.2,
            0.2,
            0.192
        ],
        [
            0.204,
            0.192,
            0.195,
            0.197
        ],
        [
            0.204,
            0.193,
            0.192,
            0.196
        ],
        [
            0.198,
            0.197,
            0.193,
            0.2
        ],
        [
            0.198,
            0.197,
            0.197,
            0.205
        ],
        [
            0.2,
            0.2,
            0.193,
            0.205
        ],
        [
            0.197,
            0.205,
            0.2,
            0.203
        ],
        [
            0.233,
            0.239,
            0.236,
            0.236
        ],
        [
            0.268,
            0.277,
            0.275,
            0.273
        ],
        [
            0.309,
            0.319,
            0.32,
            0.315
        ],
        [
            0.346,
            0.347,
            0.353,
            0.349
        ],
        [
            0.345,
            0.348,
            0.353,
            0.351
        ],
        [
            0.308,
            0.324,
            0.349,
            0.348
        ],
        [
            0.269,
            0.279,
            0.312,
            0.31
        ],
        [
            0.234,
            0.241,
            0.271,
            0.273
        ],
        [
            0.2,
            0.203,
            0.231,
            0.239
        ],
        [
            0.208,
            0.196,
            0.201,
            0.203
        ],
        [
            0.217,
            0.206,
            0.202,
            0.207
        ],
        [
            0.216,
            0.202,
            0.204,
            0.206
        ],
        [
            0.21,
            0.205,
            0.204,
            0.208
        ],
        [
            0.2,
            0.201,
            0.203,
            0.203
        ],
        [
            0.226,
            0.235,
            0.239,
            0.238
        ],
        [
            0.265,
            0.274,
            0.274,
            0.271
        ],
        [
            0.303,
            0.316,
            0.306,
            0.306
        ],
        [
            0.34,
            0.359,
            0.345,
            0.345
        ],
        [
            0.34,
            0.358,
            0.352,
            0.347
        ],
        [
            0.342,
            0.359,
            0.35,
            0.349
        ],
        [
            0.306,
            0.313,
            0.315,
            0.311
        ],
        [
            0.269,
            0.271,
            0.273,
            0.27
        ],
        [
            0.236,
            0.234,
            0.236,
            0.233
        ],
        [
            0.201,
            0.197,
            0.2,
            0.196
        ],
        [
            0.237,
            0.234,
            0.209,
            0.198
        ],
        [
            0.259,
            0.259,
            0.212,
            0.202
        ],
        [
            0.257,
            0.259,
            0.217,
            0.206
        ],
        [
            0.256,
            0.245,
            0.214,
            0.205
        ],
        [
            0.221,
            0.211,
            0.197,
            0.196
        ],
        [
            0.195,
            0.189,
            0.189,
            0.188
        ],
        [
            0.181,
            0.188,
            0.183,
            0.187
        ],
        [
            0.188,
            0.224,
            0.221,
            0.224
        ],
        [
            0.2,
            0.261,
            0.266,
            0.268
        ],
        [
            0.199,
            0.257,
            0.271,
            0.266
        ],
        [
            0.207,
            0.26,
            0.275,
            0.261
        ],
        [
            0.205,
            0.229,
            0.239,
            0.222
        ],
        [
            0.19,
            0.192,
            0.195,
            0.177
        ],
        [
            0.202,
