{
    "event_type": "flower_visit",
    "event_id": "flower_1_20260226032402530471",
    "flower_id": "flower_1",
    "background_dist": 0.35,
    "start_time": 1772097839.7970822,
    "end_time": 1772097842.530331,
    "num_scans": 41,
    "angles": [
        144,
        145,
        146,
        147
    ],
    "distance_series": [
        [
            0.298,
            0.301,
            0.3,
            0.3
        ],
        [
            0.298,
            0.307,
            0.298,
            0.293
        ],
        [
            0.3,
            0.307,
            0.299,
            0.292
        ],
        [
            0.297,
            0.304,
            0.301,
            0.294
        ],
        [
            0.297,
            0.307,
            0.304,
            0.298
        ],
        [
            0.302,
            0.303,
            0.306,
            0.302
        ],
        [
            0.306,
            0.306,
            0.303,
            0.299
        ],
        [
            0.305,
            0.308,
            0.306,
            0.301
        ],
        [
            0.305,
            0.311,
            0.304,
            0.303
        ],
        [
            0.312,
            0.307,
            0.302,
            0.31
        ],
        [
            0.309,
            0.306,
            0.305,
            0.306
        ],
        [
            0.303,
            0.309,
            0.304,
            0.309
        ],
        [
            0.303,
            0.308,
            0.308,
            0.307
        ],
        [
            0.304,
            0.305,
            0.309,
            0.305
        ],
        [
            0.316,
            0.308,
            0.309,
            0.305
        ],
        [
            0.316,
            0.31,
            0.304,
            0.307
        ],
        [
            0.317,
            0.309,
            0.302,
            0.308
        ],
        [
            0.318,
            0.314,
            0.301,
            0.308
        ],
        [
            0.317,
            0.312,
            0.307,
            0.31
        ],
        [
            0.315,
            0.31,
            0.31,
            0.311
        ],
        [
            0.307,
            0.312,
            0.312,
            0.311
        ],
        [
            0.311,
            0.31,
            0.311,
            0.306
        ],
        [
            0.31,
            0.311,
            0.302,
            0.305
        ],
        [
            0.31,
            0.307,
            0.299,
            0.304
        ],
        [
            0.309,
            0.311,
            0.299,
            0.303
        ],
        [
            0.307,
            0.313,
            0.301,
            0.299
        ],
        [
            0.308,
            0.32,
            0.302,
            0.308
        ],
        [
            0.311,
            0.316,
            0.306,
            0.302
        ],
        [
            0.315,
            0.314,
            0.307,
            0.308
        ],
        [
            0.313,
            0.31,
            0.309,
            0.309
        ],
        [
            0.307,
            0.303,
            0.304,
            0.305
        ],
        [
            0.301,
            0.3,
            0.297,
            0.3
        ],
        [
            0.307,
            0.312,
            0.308,
            0.309
        ],
        [
            0.321,
            0.32,
            0.319,
            0.32
        ],
        [
            0.335,
            0.332,
            0.334,
            0.337
        ],
        [
            0.345,
            0.349,
            0.352,
            0.347
        ],
        [
            0.346,
            0.349,
            0.352,
            0.348
        ],
        [
            0.343,
            0.356,
            0.35,
            0.346
        ],
        [
            0.342,
            0.354,
            0.353,
            0.343
        ],
        [
            0.34,
            0.348,
            0.35,
            0.347
        ],
        [
            0.34,
            0.351,
            0.35,
            0.346
        ]
    ],
    "timestamp": "2026-02-26T03:24:02.530557",
    "label": "not_bee"
}