{
    "event_type": "flower_visit",
    "event_id": "flower_1_20260226032624262703",
    "flower_id": "flower_1",
    "background_dist": 0.35,
    "start_time": 1772097980.9290922,
    "end_time": 1772097984.262562,
    "num_scans": 50,
    "angles": [
        144,
        145,
        146,
        147
    ],
    "distance_series": [
        [
            0.33,
            0.335,
            0.329,
            0.295
        ],
        [
            0.33,
            0.33,
            0.328,
            0.294
        ],
        [
            0.311,
            0.312,
            0.313,
            0.288
        ],
        [
            0.288,
            0.288,
            0.288,
            0.269
        ],
        [
            0.268,
            0.27,
            0.268,
            0.267
        ],
        [
            0.267,
            0.268,
            0.268,
            0.264
        ],
        [
            0.267,
            0.264,
            0.266,
            0.265
        ],
        [
            0.288,
            0.291,
            0.287,
            0.27
        ],
        [
            0.305,
            0.31,
            0.29,
            0.267
        ],
        [
            0.303,
            0.312,
            0.288,
            0.27
        ],
        [
            0.298,
            0.306,
            0.284,
            0.266
        ],
        [
            0.277,
            0.282,
            0.259,
            0.258
        ],
        [
            0.258,
            0.262,
            0.255,
            0.259
        ],
        [
            0.263,
            0.265,
            0.258,
            0.258
        ],
        [
            0.262,
            0.265,
            0.261,
            0.261
        ],
        [
            0.282,
            0.288,
            0.283,
            0.268
        ],
        [
            0.3,
            0.302,
            0.29,
            0.268
        ],
        [
            0.297,
            0.299,
            0.284,
            0.264
        ],
        [
            0.302,
            0.293,
            0.282,
            0.261
        ],
        [
            0.277,
            0.269,
            0.257,
            0.256
        ],
        [
            0.262,
            0.249,
            0.249,
            0.253
        ],
        [
            0.26,
            0.248,
            0.252,
            0.251
        ],
        [
            0.257,
            0.251,
            0.256,
            0.253
        ],
        [
            0.252,
            0.256,
            0.258,
            0.258
        ],
        [
            0.261,
            0.259,
            0.265,
            0.262
        ],
        [
            0.26,
            0.265,
            0.266,
            0.263
        ],
        [
            0.261,
            0.264,
            0.266,
            0.26
        ],
        [
            0.262,
            0.263,
            0.264,
            0.26
        ],
        [
            0.265,
            0.261,
            0.277,
            0.275
        ],
        [
            0.256,
            0.255,
            0.282,
            0.277
        ],
        [
            0.262,
            0.251,
            0.281,
            0.28
        ],
        [
            0.263,
            0.254,
            0.277,
            0.277
        ],
        [
            0.265,
            0.256,
            0.256,
            0.261
        ],
        [
            0.267,
            0.261,
            0.265,
            0.262
        ],
        [
            0.262,
            0.266,
            0.264,
            0.263
        ],
        [
            0.261,
            0.263,
            0.258,
            0.264
        ],
        [
            0.261,
            0.262,
            0.26,
            0.278
        ],
        [
            0.255,
            0.257,
            0.249,
            0.273
        ],
        [
            0.254,
            0.259,
            0.252,
            0.271
        ],
        [
            0.248,
            0.262,
            0.256,
            0.269
        ],
        [
            0.269,
            0.285,
            0.277,
            0.277
        ],
        [
            0.298,
            0.306,
            0.303,
            0.302
        ],
        [
            0.321,
            0.329,
            0.325,
            0.325
        ],
        [
            0.347,
            0.352,
            0.346,
            0.346
        ],
        [
            0.35,
            0.351,
            0.351,
            0.346
        ],
        [
            0.35,
            0.352,
            0.354,
            0.349
        ],
        [
            0.351,
            0.355,
            0.355,
            0.351
        ],
        [
            0.349,
            0.358,
            0.358,
            0.348
        ],
        [
            0.349,
            0.359,
            0.358,
            0.348
        ],
        [
            0.35,
            0.359,
            0.355,
            0.349
        ]
    ],
    "timestamp": "2026-02-26T03:26:24.262786",
    "label": "not_bee"
}