{
    "event_type": "flower_visit",
    "event_id": "flower_1_20260226032833794896",
    "flower_id": "flower_1",
    "background_dist": 0.35,
    "start_time": 1772098111.794398,
    "end_time": 1772098113.79476,
    "num_scans": 30,
    "angles": [
        144,
        145,
        146,
        147
    ],
    "distance_series": [
        [
            0.257,
            0.26,
            0.265,
            0.264
        ],
        [
            0.257,
            0.258,
            0.258,
            0.264
        ],
        [
            0.259,
            0.257,
            0.258,
            0.263
        ],
        [
            0.26,
            0.257,
            0.263,
            0.263
        ],
        [
            0.262,
            0.256,
            0.265,
            0.262
        ],
        [
            0.256,
            0.259,
            0.264,
            0.264
        ],
        [
            0.256,
            0.256,
            0.263,
            0.262
        ],
        [
            0.254,
            0.249,
            0.265,
            0.258
        ],
        [
            0.25,
            0.253,
            0.261,
            0.258
        ],
        [
            0.253,
            0.258,
            0.257,
            0.263
        ],
        [
            0.248,
            0.26,
            0.256,
            0.263
        ],
        [
            0.253,
            0.262,
            0.256,
            0.266
        ],
        [
            0.258,
            0.261,
            0.256,
            0.268
        ],
        [
            0.26,
            0.264,
            0.26,
            0.27
        ],
        [
            0.259,
            0.266,
            0.262,
            0.267
        ],
        [
            0.263,
            0.268,
            0.265,
            0.266
        ],
        [
            0.266,
            0.268,
            0.261,
            0.265
        ],
        [
            0.266,
            0.266,
            0.258,
            0.268
        ],
        [
            0.266,
            0.261,
            0.258,
            0.267
        ],
        [
            0.264,
            0.259,
            0.254,
            0.265
        ],
        [
            0.282,
            0.284,
            0.281,
            0.29
        ],
        [
            0.301,
            0.302,
            0.305,
            0.308
        ],
        [
            0.322,
            0.325,
            0.329,
            0.327
        ],
        [
            0.344,
            0.344,
            0.351,
            0.346
        ],
        [
            0.347,
            0.345,
            0.354,
            0.348
        ],
        [
            0.343,
            0.344,
            0.349,
            0.343
        ],
        [
            0.345,
            0.344,
            0.352,
            0.342
        ],
        [
            0.344,
            0.346,
            0.349,
            0.344
        ],
        [
            0.345,
            0.347,
            0.347,
            0.343
        ],
        [
            0.343,
            0.347,
            0.346,
            0.345
        ]
    ],
    "timestamp": "2026-02-26T03:28:33.794996",
    "label": "not_bee"
}