{
    "event_type": "flower_visit",
    "event_id": "flower_1_20260226032721595087",
    "flower_id": "flower_1",
    "background_dist": 0.35,
    "start_time": 1772098036.995492,
    "end_time": 1772098041.594944,
    "num_scans": 69,
    "angles": [
        144,
        145,
        146,
        147
    ],
    "distance_series": [
        [
            0.255,
            0.254,
            0.258,
            0.257
        ],
        [
            0.256,
            0.251,
            0.261,
            0.254
        ],
        [
            0.259,
            0.254,
            0.26,
            0.257
        ],
        [
            0.258,
            0.251,
            0.257,
            0.26
        ],
        [
            0.26,
            0.252,
            0.256,
            0.258
        ],
        [
            0.261,
            0.259,
            0.258,
            0.262
        ],
        [
            0.266,
            0.256,
            0.254,
            0.257
        ],
        [
            0.264,
            0.259,
            0.258,
            0.257
        ],
        [
            0.262,
            0.261,
            0.263,
            0.26
        ],
        [
            0.261,
            0.262,
            0.259,
            0.26
        ],
        [
            0.259,
            0.266,
            0.263,
            0.262
        ],
        [
            0.263,
            0.269,
            0.267,
            0.263
        ],
        [
            0.265,
            0.264,
            0.27,
            0.264
        ],
        [
            0.273,
            0.267,
            0.273,
            0.267
        ],
        [
            0.277,
            0.268,
            0.276,
            0.269
        ],
        [
            0.276,
            0.27,
            0.275,
            0.269
        ],
        [
            0.28,
            0.273,
            0.276,
            0.271
        ],
        [
            0.278,
            0.276,
            0.272,
            0.271
        ],
        [
            0.277,
            0.274,
            0.276,
            0.269
        ],
        [
            0.277,
            0.275,
            0.273,
            0.27
        ],
        [
            0.269,
            0.276,
            0.275,
            0.267
        ],
        [
            0.271,
            0.274,
            0.278,
            0.274
        ],
        [
            0.272,
            0.276,
            0.275,
            0.276
        ],
        [
            0.27,
            0.273,
            0.273,
            0.275
        ],
        [
            0.271,
            0.266,
            0.272,
            0.277
        ],
        [
            0.269,
            0.266,
            0.267,
            0.271
        ],
        [
            0.269,
            0.267,
            0.269,
            0.268
        ],
        [
            0.27,
            0.266,
            0.273,
            0.267
        ],
        [
            0.266,
            0.267,
            0.272,
            0.271
        ],
        [
            0.265,
            0.266,
            0.273,
            0.272
        ],
        [
            0.267,
            0.267,
            0.267,
            0.269
        ],
        [
            0.267,
            0.269,
            0.266,
            0.264
        ],
        [
            0.267,
            0.267,
            0.266,
            0.266
        ],
        [
            0.27,
            0.266,
            0.265,
            0.263
        ],
        [
            0.261,
            0.265,
            0.264,
            0.266
        ],
        [
            0.259,
            0.262,
            0.266,
            0.265
        ],
        [
            0.264,
            0.262,
            0.266,
            0.265
        ],
        [
            0.266,
            0.262,
            0.267,
            0.267
        ],
        [
            0.268,
            0.266,
            0.268,
            0.268
        ],
        [
            0.272,
            0.269,
            0.269,
            0.272
        ],
        [
            0.274,
            0.27,
            0.271,
            0.277
        ],
        [
            0.273,
            0.273,
            0.272,
            0.279
        ],
        [
            0.271,
            0.269,
            0.273,
            0.279
        ],
        [
            0.272,
            0.271,
            0.272,
            0.27
        ],
        [
            0.273,
            0.266,
            0.272,
            0.267
        ],
        [
            0.272,
            0.267,
            0.274,
            0.268
        ],
        [
            0.275,
            0.275,
            0.277,
            0.27
        ],
        [
            0.272,
            0.274,
            0.276,
            0.272
        ],
        [
            0.271,
            0.273,
            0.275,
            0.27
        ],
        [
            0.271,
            0.271,
            0.273,
            0.271
        ],
        [
            0.273,
            0.27,
            0.27,
            0.268
        ],
        [
            0.276,
            0.273,
            0.272,
            0.269
        ],
        [
            0.28,
            0.28,
            0.278,
            0.275
        ],
        [
            0.28,
            0.282,
            0.28,
            0.28
        ],
        [
            0.284,
            0.287,
            0.282,
            0.282
        ],
        [
            0.276,
            0.285,
            0.28,
            0.283
        ],
        [
            0.275,
            0.279,
            0.278,
            0.281
        ],
        [
            0.272,
            0.277,
            0.277,
            0.277
        ],
        [
            0.268,
            0.275,
            0.286,
            0.282
        ],
        [
            0.28,
            0.297,
            0.303,
            0.299
        ],
        [
            0.298,
            0.31,
            0.322,
            0.319
        ],
        [
            0.321,
            0.335,
            0.343,
            0.338
        ],
        [
            0.345,
            0.348,
            0.355,
            0.349
        ],
        [
            0.347,
            0.345,
            0.354,
            0.347
        ],
        [
            0.348,
            0.347,
            0.352,
            0.348
        ],
        [
            0.346,
            0.347,
            0.354,
            0.348
        ],
        [
            0.345,
            0.354,
            0.348,
            0.347
        ],
        [
            0.344,
            0.354,
            0.351,
            0.346
        ],
        [
            0.346,
            0.354,
            0.351,
            0.342
        ]
    ],
    "timestamp": "2026-02-26T03:27:21.595171",
    "label": "not_bee"
}