{
    "event_type": "flower_visit",
    "event_id": "flower_1_20260226032428663776",
    "flower_id": "flower_1",
    "background_dist": 0.35,
    "start_time": 1772097866.06436,
    "end_time": 1772097868.663628,
    "num_scans": 39,
    "angles": [
        144,
        145,
        146,
        147
    ],
    "distance_series": [
        [
            0.278,
            0.269,
            0.275,
            0.28
        ],
        [
            0.282,
            0.271,
            0.274,
            0.28
        ],
        [
            0.282,
            0.274,
            0.277,
            0.282
        ],
        [
            0.282,
            0.274,
            0.276,
            0.283
        ],
        [
            0.278,
            0.278,
            0.282,
            0.281
        ],
        [
            0.277,
            0.28,
            0.28,
            0.282
        ],
        [
            0.272,
            0.281,
            0.275,
            0.281
        ],
        [
            0.274,
            0.28,
            0.281,
            0.281
        ],
        [
            0.275,
            0.282,
            0.278,
            0.278
        ],
        [
            0.274,
            0.282,
            0.277,
            0.275
        ],
        [
            0.279,
            0.276,
            0.276,
            0.275
        ],
        [
            0.277,
            0.271,
            0.269,
            0.275
        ],
        [
            0.277,
            0.273,
            0.269,
            0.275
        ],
        [
            0.276,
            0.277,
            0.27,
            0.276
        ],
        [
            0.275,
            0.276,
            0.275,
            0.276
        ],
        [
            0.276,
            0.278,
            0.276,
            0.278
        ],
        [
            0.277,
            0.272,
            0.278,
            0.274
        ],
        [
            0.277,
            0.268,
            0.278,
            0.272
        ],
        [
            0.278,
            0.267,
            0.275,
            0.274
        ],
        [
            0.279,
            0.268,
            0.278,
            0.276
        ],
        [
            0.277,
            0.273,
            0.277,
            0.277
        ],
        [
            0.274,
            0.277,
            0.279,
            0.278
        ],
        [
            0.275,
            0.275,
            0.277,
            0.278
        ],
        [
            0.274,
            0.278,
            0.279,
            0.276
        ],
        [
            0.276,
            0.276,
            0.278,
            0.277
        ],
        [
            0.277,
            0.272,
            0.279,
            0.279
        ],
        [
            0.279,
            0.273,
            0.283,
            0.278
        ],
        [
            0.282,
            0.271,
            0.277,
            0.272
        ],
        [
            0.28,
            0.27,
            0.279,
            0.274
        ],
        [
            0.296,
            0.291,
            0.294,
            0.284
        ],
        [
            0.31,
            0.307,
            0.313,
            0.301
        ],
        [
            0.327,
            0.326,
            0.334,
            0.325
        ],
        [
            0.338,
            0.347,
            0.352,
            0.339
        ],
        [
            0.344,
            0.344,
            0.352,
            0.344
        ],
        [
            0.343,
            0.344,
            0.349,
            0.345
        ],
        [
            0.346,
            0.344,
            0.346,
            0.346
        ],
        [
            0.343,
            0.347,
            0.343,
            0.348
        ],
        [
            0.345,
            0.35,
            0.348,
            0.349
        ],
        [
            0.348,
            0.348,
            0.347,
            0.347
        ]
    ],
    "timestamp": "2026-02-26T03:24:28.663862",
    "label": "not_bee"
}