{
    "event_type": "flower_visit",
    "event_id": "flower_1_20260226031816934997",
    "flower_id": "flower_1",
    "background_dist": 0.35,
    "start_time": 1772097494.8677409,
    "end_time": 1772097496.9348538,
    "num_scans": 31,
    "angles": [
        144,
        145,
        146,
        147
    ],
    "distance_series": [
        [
            0.31,
            0.339,
            0.351,
            0.348
        ],
        [
            0.31,
            0.335,
            0.353,
            0.342
        ],
        [
            0.311,
            0.334,
            0.353,
            0.344
        ],
        [
            0.312,
            0.337,
            0.352,
            0.346
        ],
        [
            0.311,
            0.334,
            0.35,
            0.345
        ],
        [
            0.312,
            0.344,
            0.352,
            0.346
        ],
        [
            0.314,
            0.35,
            0.351,
            0.347
        ],
        [
            0.321,
            0.347,
            0.349,
            0.348
        ],
        [
            0.32,
            0.352,
            0.346,
            0.346
        ],
        [
            0.317,
            0.346,
            0.343,
            0.345
        ],
        [
            0.315,
            0.341,
            0.345,
            0.344
        ],
        [
            0.313,
            0.34,
            0.346,
            0.342
        ],
        [
            0.31,
            0.335,
            0.343,
            0.343
        ],
        [
            0.312,
            0.332,
            0.348,
            0.346
        ],
        [
            0.312,
            0.332,
            0.346,
            0.346
        ],
        [
            0.314,
            0.336,
            0.349,
            0.346
        ],
        [
            0.315,
            0.342,
            0.35,
            0.341
        ],
        [
            0.315,
            0.343,
            0.347,
            0.341
        ],
        [
            0.313,
            0.347,
            0.349,
            0.342
        ],
        [
            0.313,
            0.345,
            0.347,
            0.343
        ],
        [
            0.313,
            0.339,
            0.349,
            0.338
        ],
        [
            0.315,
            0.342,
            0.349,
            0.339
        ],
        [
            0.314,
            0.336,
            0.354,
            0.344
        ],
        [
            0.318,
            0.328,
            0.343,
            0.337
        ],
        [
            0.323,
            0.334,
            0.339,
            0.341
        ],
        [
            0.331,
            0.337,
            0.334,
            0.335
        ],
        [
            0.339,
            0.345,
            0.342,
            0.337
        ],
        [
            0.345,
            0.355,
            0.344,
            0.346
        ],
        [
            0.343,
            0.352,
            0.349,
            0.347
        ],
        [
            0.342,
            0.351,
            0.353,
            0.347
        ],
        [
            0.344,
            0.352,
            0.351,
            0.348
        ]
    ],
    "timestamp": "2026-02-26T03:18:16.935086",
    "label": "bee"
}