{
    "event_type": "flower_visit",
    "event_id": "flower_1_20260226031707068220",
    "flower_id": "flower_1",
    "background_dist": 0.35,
    "start_time": 1772097425.401181,
    "end_time": 1772097427.0680802,
    "num_scans": 25,
    "angles": [
        144,
        145,
        146,
        147
    ],
    "distance_series": [
        [
            0.33,
            0.321,
            0.314,
            0.306
        ],
        [
            0.324,
            0.319,
            0.313,
            0.31
        ],
        [
            0.322,
            0.315,
            0.309,
            0.309
        ],
        [
            0.325,
            0.318,
            0.31,
            0.312
        ],
        [
            0.321,
            0.32,
            0.307,
            0.314
        ],
        [
            0.323,
            0.32,
            0.309,
            0.31
        ],
        [
            0.325,
            0.317,
            0.309,
            0.313
        ],
        [
            0.329,
            0.315,
            0.314,
            0.312
        ],
        [
            0.333,
            0.312,
            0.311,
            0.312
        ],
        [
            0.328,
            0.313,
            0.309,
            0.311
        ],
        [
            0.327,
            0.31,
            0.314,
            0.312
        ],
        [
            0.324,
            0.309,
            0.314,
            0.31
        ],
        [
            0.322,
            0.308,
            0.312,
            0.312
        ],
        [
            0.321,
            0.308,
            0.311,
            0.312
        ],
        [
            0.328,
            0.319,
            0.311,
            0.31
        ],
        [
            0.331,
            0.327,
            0.314,
            0.311
        ],
        [
            0.334,
            0.337,
            0.32,
            0.313
        ],
        [
            0.34,
            0.347,
            0.331,
            0.316
        ],
        [
            0.34,
            0.351,
            0.337,
            0.326
        ],
        [
            0.342,
            0.355,
            0.347,
            0.336
        ],
        [
            0.344,
            0.351,
            0.349,
            0.34
        ],
        [
            0.338,
            0.35,
            0.347,
            0.347
        ],
        [
            0.343,
            0.351,
            0.349,
            0.342
        ],
        [
            0.345,
            0.351,
            0.349,
            0.343
        ],
        [
            0.345,
            0.351,
            0.354,
            0.344
        ]
    ],
    "timestamp": "2026-02-26T03:17:07.068314",
    "label": "bee"
}