{
    "event_type": "flower_visit",
    "event_id": "flower_1_20260226030513408129",
    "flower_id": "flower_1",
    "background_dist": 0.35,
    "start_time": 1772096711.208147,
    "end_time": 1772096713.408003,
    "num_scans": 33,
    "angles": [
        144,
        145,
        146,
        147
    ],
    "distance_series": [
        [
            0.338,
            0.351,
            0.346,
            0.314
        ],
        [
            0.337,
            0.35,
            0.344,
            0.312
        ],
        [
            0.333,
            0.35,
            0.342,
            0.312
        ],
        [
            0.341,
            0.347,
            0.341,
            0.313
        ],
        [
            0.34,
            0.348,
            0.339,
            0.312
        ],
        [
            0.339,
            0.346,
            0.341,
            0.312
        ],
        [
            0.341,
            0.343,
            0.345,
            0.31
        ],
        [
            0.339,
            0.343,
            0.34,
            0.309
        ],
        [
            0.339,
            0.344,
            0.338,
            0.31
        ],
        [
            0.343,
            0.342,
            0.338,
            0.313
        ],
        [
            0.34,
            0.34,
            0.337,
            0.315
        ],
        [
            0.34,
            0.334,
            0.336,
            0.313
        ],
        [
            0.341,
            0.343,
            0.339,
            0.312
        ],
        [
            0.337,
            0.345,
            0.341,
            0.313
        ],
        [
            0.341,
            0.343,
            0.34,
            0.311
        ],
        [
            0.34,
            0.338,
            0.34,
            0.317
        ],
        [
            0.343,
            0.341,
            0.337,
            0.316
        ],
        [
            0.347,
            0.34,
            0.34,
            0.311
        ],
        [
            0.346,
            0.341,
            0.343,
            0.309
        ],
        [
            0.34,
            0.342,
            0.348,
            0.308
        ],
        [
            0.338,
            0.343,
            0.346,
            0.309
        ],
        [
            0.333,
            0.346,
            0.345,
            0.311
        ],
        [
            0.335,
            0.348,
            0.343,
            0.313
        ],
        [
            0.341,
            0.349,
            0.341,
            0.309
        ],
        [
            0.339,
            0.351,
            0.338,
            0.313
        ],
        [
            0.34,
            0.352,
            0.34,
            0.323
        ],
        [
            0.337,
            0.352,
            0.344,
            0.335
        ],
        [
            0.342,
            0.356,
            0.348,
            0.344
        ],
        [
            0.335,
            0.352,
            0.351,
            0.343
        ],
        [
            0.335,
            0.35,
            0.349,
            0.343
        ],
        [
            0.341,
            0.349,
            0.355,
            0.341
        ],
        [
            0.338,
            0.345,
            0.35,
            0.34
        ],
        [
            0.341,
            0.345,
            0.35,
            0.343
        ]
    ],
    "timestamp": "2026-02-26T03:05:13.408210",
    "label": "bee"
}