{
    "event_type": "flower_visit",
    "event_id": "flower_1_20260226032214131404",
    "flower_id": "flower_1",
    "background_dist": 0.35,
    "start_time": 1772097730.66535,
    "end_time": 1772097734.131263,
    "num_scans": 52,
    "angles": [
        144,
        145,
        146,
        147
    ],
    "distance_series": [
        [
            0.306,
            0.307,
            0.309,
            0.311
        ],
        [
            0.314,
            0.308,
            0.311,
            0.313
        ],
        [
            0.312,
            0.307,
            0.306,
            0.311
        ],
        [
            0.315,
            0.305,
            0.306,
            0.309
        ],
        [
            0.31,
            0.31,
            0.312,
            0.313
        ],
        [
            0.305,
            0.309,
            0.312,
            0.314
        ],
        [
            0.308,
            0.314,
            0.314,
            0.311
        ],
        [
            0.301,
            0.311,
            0.31,
            0.313
        ],
        [
            0.303,
            0.31,
            0.31,
            0.31
        ],
        [
            0.308,
            0.31,
            0.31,
            0.312
        ],
        [
            0.309,
            0.31,
            0.311,
            0.312
        ],
        [
            0.315,
            0.313,
            0.31,
            0.31
        ],
        [
            0.312,
            0.316,
            0.312,
            0.317
        ],
        [
            0.313,
            0.317,
            0.313,
            0.314
        ],
        [
            0.314,
            0.315,
            0.31,
            0.31
        ],
        [
            0.312,
            0.316,
            0.308,
            0.309
        ],
        [
            0.313,
            0.315,
            0.308,
            0.309
        ],
        [
            0.315,
            0.311,
            0.305,
            0.308
        ],
        [
            0.317,
            0.316,
            0.298,
            0.313
        ],
        [
            0.313,
            0.312,
            0.306,
            0.312
        ],
        [
            0.31,
            0.308,
            0.306,
            0.317
        ],
        [
            0.312,
            0.31,
            0.307,
            0.323
        ],
        [
            0.315,
            0.308,
            0.31,
            0.317
        ],
        [
            0.313,
            0.306,
            0.31,
            0.317
        ],
        [
            0.315,
            0.312,
            0.314,
            0.315
        ],
        [
            0.317,
            0.313,
            0.315,
            0.311
        ],
        [
            0.311,
            0.309,
            0.31,
            0.312
        ],
        [
            0.313,
            0.311,
            0.309,
            0.313
        ],
        [
            0.307,
            0.311,
            0.308,
            0.313
        ],
        [
            0.307,
            0.303,
            0.314,
            0.31
        ],
        [
            0.306,
            0.31,
            0.311,
            0.307
        ],
        [
            0.304,
            0.306,
            0.309,
            0.305
        ],
        [
            0.309,
            0.311,
            0.307,
            0.301
        ],
        [
            0.31,
            0.316,
            0.3,
            0.305
        ],
        [
            0.305,
            0.317,
            0.305,
            0.311
        ],
        [
            0.308,
            0.319,
            0.31,
            0.311
        ],
        [
            0.304,
            0.316,
            0.311,
            0.31
        ],
        [
            0.305,
            0.316,
            0.314,
            0.311
        ],
        [
            0.309,
            0.313,
            0.311,
            0.307
        ],
        [
            0.309,
            0.316,
            0.307,
            0.307
        ],
        [
            0.309,
            0.316,
            0.31,
            0.307
        ],
        [
            0.311,
            0.316,
            0.312,
            0.304
        ],
        [
            0.307,
            0.314,
            0.315,
            0.31
        ],
        [
            0.314,
            0.317,
            0.322,
            0.318
        ],
        [
            0.319,
            0.328,
            0.335,
            0.329
        ],
        [
            0.331,
            0.336,
            0.337,
            0.339
        ],
        [
            0.342,
            0.343,
            0.346,
            0.346
        ],
        [
            0.344,
            0.349,
            0.342,
            0.344
        ],
        [
            0.349,
            0.351,
            0.339,
            0.342
        ],
        [
            0.349,
            0.349,
            0.347,
            0.343
        ],
        [
            0.349,
            0.348,
            0.346,
            0.342
        ],
        [
            0.35,
            0.352,
            0.346,
            0.342
        ]
    ],
    "timestamp": "2026-02-26T03:22:14.131540",
    "label": "not_bee"
}