{
    "event_type": "flower_visit",
    "event_id": "flower_1_20260226030904072891",
    "flower_id": "flower_1",
    "background_dist": 0.35,
    "start_time": 1772096941.13935,
    "end_time": 1772096944.072769,
    "num_scans": 44,
    "angles": [
        144,
        145,
        146,
        147
    ],
    "distance_series": [
        [
            0.303,
            0.311,
            0.324,
            0.326
        ],
        [
            0.308,
            0.318,
            0.327,
            0.328
        ],
        [
            0.321,
            0.331,
            0.323,
            0.323
        ],
        [
            0.321,
            0.337,
            0.325,
            0.315
        ],
        [
            0.334,
            0.344,
            0.332,
            0.312
        ],
        [
            0.337,
            0.348,
            0.34,
            0.309
        ],
        [
            0.338,
            0.354,
            0.344,
            0.303
        ],
        [
            0.34,
            0.343,
            0.335,
            0.3
        ],
        [
            0.324,
            0.329,
            0.322,
            0.297
        ],
        [
            0.315,
            0.321,
            0.318,
            0.308
        ],
        [
            0.306,
            0.315,
            0.317,
            0.312
        ],
        [
            0.297,
            0.311,
            0.319,
            0.321
        ],
        [
            0.303,
            0.311,
            0.322,
            0.327
        ],
        [
            0.31,
            0.318,
            0.323,
            0.328
        ],
        [
            0.319,
            0.32,
            0.323,
            0.322
        ],
        [
            0.334,
            0.326,
            0.33,
            0.315
        ],
        [
            0.342,
            0.335,
            0.335,
            0.311
        ],
        [
            0.342,
            0.343,
            0.341,
            0.304
        ],
        [
            0.342,
            0.345,
            0.336,
            0.299
        ],
        [
            0.335,
            0.335,
            0.327,
            0.298
        ],
        [
            0.326,
            0.326,
            0.32,
            0.296
        ],
        [
            0.311,
            0.312,
            0.312,
            0.304
        ],
        [
            0.304,
            0.306,
            0.312,
            0.312
        ],
        [
            0.302,
            0.313,
            0.32,
            0.319
        ],
        [
            0.312,
            0.316,
            0.324,
            0.318
        ],
        [
            0.322,
            0.318,
            0.326,
            0.318
        ],
        [
            0.331,
            0.325,
            0.331,
            0.314
        ],
        [
            0.34,
            0.337,
            0.332,
            0.318
        ],
        [
            0.339,
            0.344,
            0.337,
            0.315
        ],
        [
            0.338,
            0.353,
            0.343,
            0.307
        ],
        [
            0.341,
            0.345,
            0.333,
            0.303
        ],
        [
            0.334,
            0.332,
            0.33,
            0.301
        ],
        [
            0.317,
            0.322,
            0.32,
            0.299
        ],
        [
            0.31,
            0.307,
            0.311,
            0.305
        ],
        [
            0.304,
            0.312,
            0.326,
            0.317
        ],
        [
            0.31,
            0.329,
            0.334,
            0.323
        ],
        [
            0.325,
            0.338,
            0.342,
            0.333
        ],
        [
            0.333,
            0.348,
            0.347,
            0.341
        ],
        [
            0.337,
            0.354,
            0.351,
            0.346
        ],
        [
            0.339,
            0.352,
            0.349,
            0.347
        ],
        [
            0.342,
            0.353,
            0.345,
            0.346
        ],
        [
            0.345,
            0.348,
            0.34,
            0.344
        ],
        [
            0.344,
            0.349,
            0.338,
            0.34
        ],
        [
            0.344,
            0.353,
            0.346,
            0.345
        ]
    ],
    "timestamp": "2026-02-26T03:09:04.072960",
    "label": "bee"
}