{
    "event_type": "flower_visit",
    "event_id": "flower_1_20260226032348731078",
    "flower_id": "flower_1",
    "background_dist": 0.35,
    "start_time": 1772097826.064704,
    "end_time": 1772097828.730934,
    "num_scans": 40,
    "angles": [
        144,
        145,
        146,
        147
    ],
    "distance_series": [
        [
            0.263,
            0.26,
            0.258,
            0.255
        ],
        [
            0.266,
            0.263,
            0.26,
            0.264
        ],
        [
            0.268,
            0.271,
            0.28,
            0.281
        ],
        [
            0.276,
            0.292,
            0.302,
            0.299
        ],
        [
            0.282,
            0.316,
            0.319,
            0.311
        ],
        [
            0.291,
            0.326,
            0.325,
            0.309
        ],
        [
            0.293,
            0.322,
            0.316,
            0.297
        ],
        [
            0.292,
            0.317,
            0.309,
            0.281
        ],
        [
            0.288,
            0.308,
            0.298,
            0.275
        ],
        [
            0.286,
            0.306,
            0.302,
            0.278
        ],
        [
            0.287,
            0.322,
            0.308,
            0.281
        ],
        [
            0.291,
            0.326,
            0.315,
            0.281
        ],
        [
            0.293,
            0.336,
            0.319,
            0.284
        ],
        [
            0.292,
            0.336,
            0.326,
            0.286
        ],
        [
            0.292,
            0.331,
            0.325,
            0.284
        ],
        [
            0.282,
            0.337,
            0.326,
            0.295
        ],
        [
            0.281,
            0.333,
            0.33,
            0.293
        ],
        [
            0.279,
            0.33,
            0.328,
            0.29
        ],
        [
            0.281,
            0.322,
            0.333,
            0.283
        ],
        [
            0.281,
            0.32,
            0.325,
            0.281
        ],
        [
            0.283,
            0.315,
            0.312,
            0.278
        ],
        [
            0.288,
            0.309,
            0.306,
            0.278
        ],
        [
            0.287,
            0.309,
            0.298,
            0.277
        ],
        [
            0.289,
            0.3,
            0.293,
            0.275
        ],
        [
            0.286,
            0.3,
            0.299,
            0.28
        ],
        [
            0.282,
            0.307,
            0.297,
            0.282
        ],
        [
            0.283,
            0.315,
            0.308,
            0.279
        ],
        [
            0.28,
            0.335,
            0.317,
            0.287
        ],
        [
            0.285,
            0.341,
            0.322,
            0.29
        ],
        [
            0.293,
            0.343,
            0.334,
            0.298
        ],
        [
            0.296,
            0.33,
            0.321,
            0.299
        ],
        [
            0.305,
            0.327,
            0.319,
            0.299
        ],
        [
            0.321,
            0.334,
            0.33,
            0.32
        ],
        [
            0.33,
            0.336,
            0.332,
            0.33
        ],
        [
            0.345,
            0.35,
            0.351,
            0.338
        ],
        [
            0.347,
            0.348,
            0.355,
            0.349
        ],
        [
            0.347,
            0.347,
            0.351,
            0.347
        ],
        [
            0.345,
            0.348,
            0.353,
            0.342
        ],
        [
            0.346,
            0.344,
            0.353,
            0.346
        ],
        [
            0.344,
            0.347,
            0.354,
            0.346
        ]
    ],
    "timestamp": "2026-02-26T03:23:48.731164",
    "label": "not_bee"
}