{
    "event_type": "flower_visit",
    "event_id": "flower_1_20260226032236065462",
    "flower_id": "flower_1",
    "background_dist": 0.35,
    "start_time": 1772097754.198119,
    "end_time": 1772097756.065353,
    "num_scans": 28,
    "angles": [
        144,
        145,
        146,
        147
    ],
    "distance_series": [
        [
            0.304,
            0.303,
            0.305,
            0.298
        ],
        [
            0.3,
            0.306,
            0.306,
            0.299
        ],
        [
            0.301,
            0.311,
            0.308,
            0.302
        ],
        [
            0.311,
            0.319,
            0.315,
            0.309
        ],
        [
            0.315,
            0.323,
            0.317,
            0.313
        ],
        [
            0.319,
            0.328,
            0.318,
            0.318
        ],
        [
            0.322,
            0.328,
            0.322,
            0.319
        ],
        [
            0.325,
            0.32,
            0.318,
            0.319
        ],
        [
            0.322,
            0.316,
            0.312,
            0.323
        ],
        [
            0.319,
            0.317,
            0.312,
            0.319
        ],
        [
            0.316,
            0.316,
            0.313,
            0.32
        ],
        [
            0.317,
            0.318,
            0.316,
            0.319
        ],
        [
            0.32,
            0.317,
            0.321,
            0.318
        ],
        [
            0.32,
            0.314,
            0.32,
            0.319
        ],
        [
            0.326,
            0.318,
            0.316,
            0.315
        ],
        [
            0.321,
            0.316,
            0.317,
            0.314
        ],
        [
            0.317,
            0.317,
            0.312,
            0.317
        ],
        [
            0.318,
            0.318,
            0.315,
            0.313
        ],
        [
            0.319,
            0.319,
            0.315,
            0.32
        ],
        [
            0.32,
            0.319,
            0.313,
            0.321
        ],
        [
            0.318,
            0.316,
            0.32,
            0.317
        ],
        [
            0.318,
            0.315,
            0.321,
            0.32
        ],
        [
            0.315,
            0.316,
            0.323,
            0.318
        ],
        [
            0.319,
            0.32,
            0.32,
            0.319
        ],
        [
            0.33,
            0.329,
            0.328,
            0.322
        ],
        [
            0.339,
            0.341,
            0.336,
            0.32
        ],
        [
            0.346,
            0.345,
            0.343,
            0.328
        ],
        [
            0.351,
            0.357,
            0.352,
            0.335
        ]
    ],
    "timestamp": "2026-02-26T03:22:36.065535",
    "label": "not_bee"
}