{
    "event_type": "flower_visit",
    "event_id": "flower_1_20260226032424664429",
    "flower_id": "flower_1",
    "background_dist": 0.35,
    "start_time": 1772097860.730288,
    "end_time": 1772097864.664258,
    "num_scans": 59,
    "angles": [
        144,
        145,
        146,
        147
    ],
    "distance_series": [
        [
            0.276,
            0.282,
            0.281,
            0.283
        ],
        [
            0.283,
            0.286,
            0.285,
            0.285
        ],
        [
            0.284,
            0.286,
            0.284,
            0.286
        ],
        [
            0.287,
            0.284,
            0.284,
            0.283
        ],
        [
            0.288,
            0.282,
            0.284,
            0.281
        ],
        [
            0.284,
            0.281,
            0.284,
            0.282
        ],
        [
            0.284,
            0.286,
            0.286,
            0.283
        ],
        [
            0.282,
            0.286,
            0.286,
            0.285
        ],
        [
            0.283,
            0.288,
            0.285,
            0.284
        ],
        [
            0.285,
            0.288,
            0.285,
            0.283
        ],
        [
            0.284,
            0.289,
            0.288,
            0.286
        ],
        [
            0.285,
            0.29,
            0.285,
            0.288
        ],
        [
            0.283,
            0.29,
            0.286,
            0.289
        ],
        [
            0.282,
            0.291,
            0.284,
            0.289
        ],
        [
            0.282,
            0.291,
            0.283,
            0.287
        ],
        [
            0.283,
            0.288,
            0.284,
            0.284
        ],
        [
            0.285,
            0.288,
            0.285,
            0.287
        ],
        [
            0.286,
            0.289,
            0.286,
            0.286
        ],
        [
            0.286,
            0.289,
            0.287,
            0.287
        ],
        [
            0.286,
            0.29,
            0.288,
            0.285
        ],
        [
            0.285,
            0.29,
            0.286,
            0.284
        ],
        [
            0.285,
            0.287,
            0.286,
            0.282
        ],
        [
            0.285,
            0.284,
            0.285,
            0.282
        ],
        [
            0.286,
            0.282,
            0.288,
            0.284
        ],
        [
            0.286,
            0.282,
            0.287,
            0.285
        ],
        [
            0.287,
            0.284,
            0.288,
            0.287
        ],
        [
            0.287,
            0.288,
            0.288,
            0.289
        ],
        [
            0.286,
            0.29,
            0.287,
            0.289
        ],
        [
            0.285,
            0.289,
            0.287,
            0.285
        ],
        [
            0.286,
            0.285,
            0.287,
            0.288
        ],
        [
            0.284,
            0.284,
            0.285,
            0.287
        ],
        [
            0.284,
            0.283,
            0.286,
            0.282
        ],
        [
            0.282,
            0.282,
            0.283,
            0.284
        ],
        [
            0.28,
            0.284,
            0.281,
            0.281
        ],
        [
            0.282,
            0.284,
            0.281,
            0.284
        ],
        [
            0.279,
            0.284,
            0.28,
            0.284
        ],
        [
            0.281,
            0.283,
            0.28,
            0.282
        ],
        [
            0.283,
            0.283,
            0.283,
            0.282
        ],
        [
            0.278,
            0.285,
            0.283,
            0.281
        ],
        [
            0.282,
            0.284,
            0.283,
            0.284
        ],
        [
            0.285,
            0.283,
            0.287,
            0.284
        ],
        [
            0.285,
            0.281,
            0.285,
            0.284
        ],
        [
            0.285,
            0.281,
            0.283,
            0.284
        ],
        [
            0.285,
            0.283,
            0.285,
            0.283
        ],
        [
            0.284,
            0.283,
            0.283,
            0.282
        ],
        [
            0.283,
            0.284,
            0.283,
            0.286
        ],
        [
            0.283,
            0.282,
            0.285,
            0.284
        ],
        [
            0.283,
            0.281,
            0.285,
            0.285
        ],
        [
            0.277,
            0.283,
            0.282,
            0.286
        ],
        [
            0.29,
            0.297,
            0.292,
            0.292
        ],
        [
            0.307,
            0.31,
            0.312,
            0.31
        ],
        [
            0.323,
            0.332,
            0.332,
            0.327
        ],
        [
            0.338,
            0.35,
            0.354,
            0.341
        ],
        [
            0.346,
            0.35,
            0.355,
            0.349
        ],
        [
            0.347,
            0.347,
            0.353,
            0.348
        ],
        [
            0.348,
            0.349,
            0.351,
            0.348
        ],
        [
            0.345,
            0.348,
            0.349,
            0.351
        ],
        [
            0.344,
            0.347,
            0.346,
            0.346
        ],
        [
            0.345,
            0.353,
            0.347,
            0.348
        ]
    ],
    "timestamp": "2026-02-26T03:24:24.664561",
    "label": "not_bee"
}