{
    "event_type": "flower_visit",
    "event_id": "flower_1_20260226032838394664",
    "flower_id": "flower_1",
    "background_dist": 0.35,
    "start_time": 1772098115.9280288,
    "end_time": 1772098118.3945239,
    "num_scans": 37,
    "angles": [
        144,
        145,
        146,
        147
    ],
    "distance_series": [
        [
            0.221,
            0.239,
            0.232,
            0.226
        ],
        [
            0.222,
            0.236,
            0.236,
            0.229
        ],
        [
            0.222,
            0.236,
            0.237,
            0.23
        ],
        [
            0.221,
            0.235,
            0.231,
            0.231
        ],
        [
            0.223,
            0.234,
            0.229,
            0.233
        ],
        [
            0.228,
            0.234,
            0.233,
            0.231
        ],
        [
            0.228,
            0.237,
            0.23,
            0.228
        ],
        [
            0.227,
            0.234,
            0.237,
            0.226
        ],
        [
            0.226,
            0.236,
            0.236,
            0.224
        ],
        [
            0.224,
            0.238,
            0.239,
            0.228
        ],
        [
            0.222,
            0.239,
            0.24,
            0.232
        ],
        [
            0.225,
            0.238,
            0.238,
            0.233
        ],
        [
            0.225,
            0.238,
            0.229,
            0.235
        ],
        [
            0.224,
            0.235,
            0.231,
            0.233
        ],
        [
            0.225,
            0.234,
            0.238,
            0.234
        ],
        [
            0.229,
            0.236,
            0.24,
            0.233
        ],
        [
            0.223,
            0.231,
            0.235,
            0.234
        ],
        [
            0.22,
            0.237,
            0.236,
            0.234
        ],
        [
            0.22,
            0.227,
            0.233,
            0.231
        ],
        [
            0.219,
            0.225,
            0.234,
            0.228
        ],
        [
            0.22,
            0.233,
            0.233,
            0.227
        ],
        [
            0.221,
            0.232,
            0.236,
            0.229
        ],
        [
            0.223,
            0.235,
            0.239,
            0.234
        ],
        [
            0.224,
            0.235,
            0.235,
            0.235
        ],
        [
            0.229,
            0.238,
            0.238,
            0.232
        ],
        [
            0.235,
            0.242,
            0.236,
            0.229
        ],
        [
            0.235,
            0.241,
            0.236,
            0.225
        ],
        [
            0.263,
            0.266,
            0.262,
            0.253
        ],
        [
            0.295,
            0.293,
            0.29,
            0.283
        ],
        [
            0.319,
            0.322,
            0.321,
            0.317
        ],
        [
            0.346,
            0.349,
            0.353,
            0.348
        ],
        [
            0.344,
            0.348,
            0.35,
            0.35
        ],
        [
            0.341,
            0.353,
            0.35,
            0.351
        ],
        [
            0.345,
            0.36,
            0.353,
            0.348
        ],
        [
            0.347,
            0.356,
            0.355,
            0.349
        ],
        [
            0.354,
            0.351,
            0.361,
            0.345
        ],
        [
            0.357,
            0.348,
            0.358,
            0.348
        ]
    ],
    "timestamp": "2026-02-26T03:28:38.394754",
    "label": "not_bee"
}