{
    "event_type": "flower_visit",
    "event_id": "flower_1_20260226032553130414",
    "flower_id": "flower_1",
    "background_dist": 0.35,
    "start_time": 1772097951.330025,
    "end_time": 1772097953.130097,
    "num_scans": 27,
    "angles": [
        144,
        145,
        146,
        147
    ],
    "distance_series": [
        [
            0.253,
            0.236,
            0.225,
            0.232
        ],
        [
            0.253,
            0.235,
            0.227,
            0.231
        ],
        [
            0.255,
            0.237,
            0.228,
            0.236
        ],
        [
            0.252,
            0.244,
            0.23,
            0.234
        ],
        [
            0.252,
            0.243,
            0.232,
            0.236
        ],
        [
            0.251,
            0.239,
            0.228,
            0.234
        ],
        [
            0.246,
            0.236,
            0.229,
            0.234
        ],
        [
            0.252,
            0.234,
            0.227,
            0.236
        ],
        [
            0.253,
            0.237,
            0.227,
            0.233
        ],
        [
            0.246,
            0.24,
            0.229,
            0.237
        ],
        [
            0.247,
            0.243,
            0.229,
            0.237
        ],
        [
            0.24,
            0.238,
            0.229,
            0.233
        ],
        [
            0.239,
            0.234,
            0.229,
            0.237
        ],
        [
            0.238,
            0.23,
            0.229,
            0.236
        ],
        [
            0.236,
            0.228,
            0.228,
            0.233
        ],
        [
            0.226,
            0.222,
            0.22,
            0.224
        ],
        [
            0.248,
            0.254,
            0.249,
            0.249
        ],
        [
            0.273,
            0.284,
            0.281,
            0.279
        ],
        [
            0.309,
            0.314,
            0.309,
            0.308
        ],
        [
            0.339,
            0.352,
            0.348,
            0.342
        ],
        [
            0.338,
            0.348,
            0.348,
            0.339
        ],
        [
            0.34,
            0.35,
            0.353,
            0.342
        ],
        [
            0.342,
            0.357,
            0.353,
            0.342
        ],
        [
            0.346,
            0.355,
            0.347,
            0.343
        ],
        [
            0.347,
            0.355,
            0.349,
            0.345
        ],
        [
            0.347,
            0.349,
            0.35,
            0.343
        ],
        [
            0.347,
            0.353,
            0.351,
            0.347
        ]
    ],
    "timestamp": "2026-02-26T03:25:53.130503",
    "label": "not_bee"
}