{
    "event_type": "flower_visit",
    "event_id": "flower_1_20260226030932338579",
    "flower_id": "flower_1",
    "background_dist": 0.35,
    "start_time": 1772096969.4051788,
    "end_time": 1772096972.338457,
    "num_scans": 44,
    "angles": [
        144,
        145,
        146,
        147
    ],
    "distance_series": [
        [
            0.305,
            0.328,
            0.342,
            0.344
        ],
        [
            0.306,
            0.331,
            0.347,
            0.348
        ],
        [
            0.307,
            0.338,
            0.348,
            0.345
        ],
        [
            0.309,
            0.335,
            0.34,
            0.344
        ],
        [
            0.309,
            0.333,
            0.343,
            0.34
        ],
        [
            0.307,
            0.333,
            0.347,
            0.34
        ],
        [
            0.309,
            0.336,
            0.341,
            0.342
        ],
        [
            0.315,
            0.336,
            0.34,
            0.341
        ],
        [
            0.317,
            0.338,
            0.336,
            0.344
        ],
        [
            0.314,
            0.333,
            0.341,
            0.341
        ],
        [
            0.312,
            0.327,
            0.346,
            0.337
        ],
        [
            0.307,
            0.325,
            0.343,
            0.337
        ],
        [
            0.301,
            0.326,
            0.348,
            0.335
        ],
        [
            0.302,
            0.316,
            0.344,
            0.332
        ],
        [
            0.303,
            0.309,
            0.343,
            0.334
        ],
        [
            0.306,
            0.309,
            0.345,
            0.336
        ],
        [
            0.307,
            0.309,
            0.343,
            0.334
        ],
        [
            0.302,
            0.317,
            0.339,
            0.335
        ],
        [
            0.306,
            0.322,
            0.337,
            0.333
        ],
        [
            0.303,
            0.32,
            0.337,
            0.33
        ],
        [
            0.303,
            0.323,
            0.334,
            0.33
        ],
        [
            0.302,
            0.325,
            0.338,
            0.331
        ],
        [
            0.302,
            0.33,
            0.334,
            0.335
        ],
        [
            0.303,
            0.326,
            0.342,
            0.339
        ],
        [
            0.302,
            0.321,
            0.339,
            0.344
        ],
        [
            0.303,
            0.321,
            0.337,
            0.344
        ],
        [
            0.307,
            0.318,
            0.34,
            0.342
        ],
        [
            0.308,
            0.329,
            0.34,
            0.345
        ],
        [
            0.31,
            0.334,
            0.342,
            0.341
        ],
        [
            0.306,
            0.329,
            0.342,
            0.339
        ],
        [
            0.306,
            0.322,
            0.336,
            0.336
        ],
        [
            0.305,
            0.31,
            0.329,
            0.325
        ],
        [
            0.301,
            0.308,
            0.327,
            0.325
        ],
        [
            0.297,
            0.306,
            0.319,
            0.318
        ],
        [
            0.3,
            0.306,
            0.321,
            0.316
        ],
        [
            0.312,
            0.321,
            0.325,
            0.322
        ],
        [
            0.32,
            0.326,
            0.329,
            0.329
        ],
        [
            0.332,
            0.339,
            0.34,
            0.333
        ],
        [
            0.344,
            0.348,
            0.347,
            0.345
        ],
        [
            0.342,
            0.347,
            0.355,
            0.345
        ],
        [
            0.344,
            0.347,
            0.352,
            0.347
        ],
        [
            0.345,
            0.348,
            0.345,
            0.345
        ],
        [
            0.347,
            0.349,
            0.349,
            0.345
        ],
        [
            0.351,
            0.352,
            0.344,
            0.344
        ]
    ],
    "timestamp": "2026-02-26T03:09:32.338648",
    "label": "bee"
}