{
    "event_type": "flower_visit",
    "event_id": "flower_1_20260226032529129958",
    "flower_id": "flower_1",
    "background_dist": 0.35,
    "start_time": 1772097925.6635818,
    "end_time": 1772097929.129805,
    "num_scans": 52,
    "angles": [
        144,
        145,
        146,
        147
    ],
    "distance_series": [
        [
            0.237,
            0.238,
            0.244,
            0.24
        ],
        [
            0.24,
            0.24,
            0.245,
            0.239
        ],
        [
            0.238,
            0.242,
            0.243,
            0.239
        ],
        [
            0.242,
            0.239,
            0.244,
            0.241
        ],
        [
            0.243,
            0.242,
            0.243,
            0.238
        ],
        [
            0.246,
            0.243,
            0.242,
            0.235
        ],
        [
            0.244,
            0.247,
            0.244,
            0.237
        ],
        [
            0.243,
            0.25,
            0.244,
            0.234
        ],
        [
            0.243,
            0.246,
            0.244,
            0.234
        ],
        [
            0.241,
            0.246,
            0.24,
            0.236
        ],
        [
            0.244,
            0.243,
            0.237,
            0.236
        ],
        [
            0.24,
            0.243,
            0.238,
            0.24
        ],
        [
            0.239,
            0.245,
            0.237,
            0.237
        ],
        [
            0.24,
            0.248,
            0.241,
            0.234
        ],
        [
            0.239,
            0.246,
            0.242,
            0.24
        ],
        [
            0.24,
            0.245,
            0.242,
            0.236
        ],
        [
            0.24,
            0.248,
            0.244,
            0.237
        ],
        [
            0.242,
            0.247,
            0.242,
            0.241
        ],
        [
            0.239,
            0.242,
            0.245,
            0.238
        ],
        [
            0.242,
            0.243,
            0.243,
            0.243
        ],
        [
            0.245,
            0.236,
            0.24,
            0.243
        ],
        [
            0.243,
            0.235,
            0.242,
            0.243
        ],
        [
            0.244,
            0.24,
            0.239,
            0.238
        ],
        [
            0.239,
            0.24,
            0.241,
            0.232
        ],
        [
            0.238,
            0.243,
            0.239,
            0.235
        ],
        [
            0.24,
            0.245,
            0.242,
            0.239
        ],
        [
            0.242,
            0.243,
            0.238,
            0.239
        ],
        [
            0.237,
            0.24,
            0.241,
            0.245
        ],
        [
            0.236,
            0.241,
            0.242,
            0.239
        ],
        [
            0.241,
            0.243,
            0.241,
            0.242
        ],
        [
            0.244,
            0.247,
            0.238,
            0.238
        ],
        [
            0.241,
            0.251,
            0.239,
            0.236
        ],
        [
            0.245,
            0.248,
            0.237,
            0.239
        ],
        [
            0.239,
            0.247,
            0.239,
            0.236
        ],
        [
            0.24,
            0.25,
            0.24,
            0.236
        ],
        [
            0.241,
            0.244,
            0.242,
            0.231
        ],
        [
            0.241,
            0.244,
            0.239,
            0.231
        ],
        [
            0.245,
            0.244,
            0.239,
            0.235
        ],
        [
            0.245,
            0.241,
            0.241,
            0.234
        ],
        [
            0.245,
            0.241,
            0.239,
            0.236
        ],
        [
            0.24,
            0.243,
            0.243,
            0.241
        ],
        [
            0.244,
            0.247,
            0.254,
            0.247
        ],
        [
            0.264,
            0.276,
            0.283,
            0.275
        ],
        [
            0.289,
            0.307,
            0.307,
            0.302
        ],
        [
            0.318,
            0.334,
            0.334,
            0.327
        ],
        [
            0.339,
            0.358,
            0.349,
            0.347
        ],
        [
            0.338,
            0.354,
            0.348,
            0.345
        ],
        [
            0.341,
            0.351,
            0.345,
            0.344
        ],
        [
            0.341,
            0.35,
            0.341,
            0.347
        ],
        [
            0.341,
            0.355,
            0.345,
            0.348
        ],
        [
            0.34,
            0.358,
            0.35,
            0.351
        ],
        [
            0.343,
            0.359,
            0.353,
            0.347
        ]
    ],
    "timestamp": "2026-02-26T03:25:29.130043",
    "label": "not_bee"
}