{
    "event_type": "flower_visit",
    "event_id": "flower_1_20260226032240531705",
    "flower_id": "flower_1",
    "background_dist": 0.35,
    "start_time": 1772097756.997643,
    "end_time": 1772097760.531568,
    "num_scans": 53,
    "angles": [
        144,
        145,
        146,
        147
    ],
    "distance_series": [
        [
            0.309,
            0.314,
            0.311,
            0.303
        ],
        [
            0.311,
            0.317,
            0.309,
            0.303
        ],
        [
            0.31,
            0.318,
            0.312,
            0.302
        ],
        [
            0.307,
            0.309,
            0.295,
            0.298
        ],
        [
            0.303,
            0.307,
            0.29,
            0.3
        ],
        [
            0.303,
            0.306,
            0.291,
            0.299
        ],
        [
            0.302,
            0.307,
            0.292,
            0.298
        ],
        [
            0.304,
            0.299,
            0.297,
            0.298
        ],
        [
            0.308,
            0.298,
            0.301,
            0.296
        ],
        [
            0.305,
            0.296,
            0.297,
            0.294
        ],
        [
            0.303,
            0.297,
            0.296,
            0.294
        ],
        [
            0.311,
            0.306,
            0.297,
            0.291
        ],
        [
            0.31,
            0.301,
            0.299,
            0.292
        ],
        [
            0.305,
            0.302,
            0.296,
            0.288
        ],
        [
            0.307,
            0.302,
            0.292,
            0.294
        ],
        [
            0.3,
            0.296,
            0.297,
            0.29
        ],
        [
            0.299,
            0.301,
            0.293,
            0.285
        ],
        [
            0.3,
            0.299,
            0.292,
            0.286
        ],
        [
            0.296,
            0.299,
            0.294,
            0.287
        ],
        [
            0.301,
            0.295,
            0.292,
            0.291
        ],
        [
            0.301,
            0.289,
            0.289,
            0.294
        ],
        [
            0.297,
            0.292,
            0.285,
            0.293
        ],
        [
            0.302,
            0.293,
            0.283,
            0.298
        ],
        [
            0.3,
            0.292,
            0.285,
            0.292
        ],
        [
            0.301,
            0.292,
            0.287,
            0.292
        ],
        [
            0.301,
            0.295,
            0.29,
            0.29
        ],
        [
            0.299,
            0.299,
            0.292,
            0.285
        ],
        [
            0.301,
            0.295,
            0.294,
            0.291
        ],
        [
            0.304,
            0.297,
            0.296,
            0.293
        ],
        [
            0.302,
            0.298,
            0.297,
            0.292
        ],
        [
            0.302,
            0.296,
            0.29,
            0.285
        ],
        [
            0.297,
            0.297,
            0.29,
            0.289
        ],
        [
            0.292,
            0.294,
            0.289,
            0.286
        ],
        [
            0.296,
            0.296,
            0.289,
            0.282
        ],
        [
            0.294,
            0.29,
            0.295,
            0.286
        ],
        [
            0.299,
            0.296,
            0.287,
            0.288
        ],
        [
            0.304,
            0.296,
            0.29,
            0.285
        ],
        [
            0.303,
            0.295,
            0.293,
            0.286
        ],
        [
            0.301,
            0.292,
            0.289,
            0.284
        ],
        [
            0.297,
            0.289,
            0.291,
            0.284
        ],
        [
            0.291,
            0.288,
            0.286,
            0.283
        ],
        [
            0.289,
            0.29,
            0.288,
            0.286
        ],
        [
            0.296,
            0.297,
            0.296,
            0.29
        ],
        [
            0.295,
            0.297,
            0.295,
            0.296
        ],
        [
            0.305,
            0.316,
            0.31,
            0.31
        ],
        [
            0.322,
            0.329,
            0.323,
            0.319
        ],
        [
            0.332,
            0.342,
            0.33,
            0.33
        ],
        [
            0.347,
            0.36,
            0.346,
            0.346
        ],
        [
            0.351,
            0.358,
            0.347,
            0.349
        ],
        [
            0.353,
            0.356,
            0.348,
            0.352
        ],
        [
            0.348,
            0.352,
            0.35,
            0.349
        ],
        [
            0.346,
            0.354,
            0.346,
            0.352
        ],
        [
            0.346,
            0.352,
            0.347,
            0.351
        ]
    ],
    "timestamp": "2026-02-26T03:22:40.531791",
    "label": "not_bee"
}