{
    "event_type": "flower_visit",
    "event_id": "flower_1_20260226032343663753",
    "flower_id": "flower_1",
    "background_dist": 0.35,
    "start_time": 1772097821.464166,
    "end_time": 1772097823.663606,
    "num_scans": 33,
    "angles": [
        144,
        145,
        146,
        147
    ],
    "distance_series": [
        [
            0.277,
            0.274,
            0.269,
            0.27
        ],
        [
            0.277,
            0.275,
            0.27,
            0.273
        ],
        [
            0.275,
            0.28,
            0.271,
            0.277
        ],
        [
            0.277,
            0.278,
            0.272,
            0.275
        ],
        [
            0.278,
            0.275,
            0.265,
            0.274
        ],
        [
            0.279,
            0.275,
            0.264,
            0.265
        ],
        [
            0.28,
            0.274,
            0.268,
            0.263
        ],
        [
            0.283,
            0.266,
            0.266,
            0.262
        ],
        [
            0.283,
            0.266,
            0.261,
            0.262
        ],
        [
            0.285,
            0.266,
            0.265,
            0.261
        ],
        [
            0.282,
            0.269,
            0.266,
            0.264
        ],
        [
            0.283,
            0.27,
            0.268,
            0.267
        ],
        [
            0.277,
            0.266,
            0.269,
            0.263
        ],
        [
            0.275,
            0.266,
            0.266,
            0.262
        ],
        [
            0.273,
            0.266,
            0.266,
            0.263
        ],
        [
            0.269,
            0.263,
            0.264,
            0.266
        ],
        [
            0.272,
            0.264,
            0.261,
            0.272
        ],
        [
            0.279,
            0.265,
            0.259,
            0.275
        ],
        [
            0.278,
            0.263,
            0.254,
            0.271
        ],
        [
            0.279,
            0.267,
            0.257,
            0.272
        ],
        [
            0.279,
            0.265,
            0.263,
            0.266
        ],
        [
            0.279,
            0.271,
            0.265,
            0.268
        ],
        [
            0.272,
            0.277,
            0.287,
            0.288
        ],
        [
            0.292,
            0.295,
            0.308,
            0.304
        ],
        [
            0.311,
            0.315,
            0.323,
            0.327
        ],
        [
            0.331,
            0.335,
            0.343,
            0.347
        ],
        [
            0.35,
            0.347,
            0.352,
            0.35
        ],
        [
            0.348,
            0.348,
            0.352,
            0.35
        ],
        [
            0.348,
            0.35,
            0.353,
            0.353
        ],
        [
            0.346,
            0.349,
            0.356,
            0.349
        ],
        [
            0.344,
            0.35,
            0.354,
            0.348
        ],
        [
            0.346,
            0.346,
            0.352,
            0.349
        ],
        [
            0.345,
            0.353,
            0.352,
            0.348
        ]
    ],
    "timestamp": "2026-02-26T03:23:43.663837",
    "label": "not_bee"
}