{
    "event_type": "flower_visit",
    "event_id": "flower_1_20260226031840133657",
    "flower_id": "flower_1",
    "background_dist": 0.35,
    "start_time": 1772097517.933682,
    "end_time": 1772097520.1335092,
    "num_scans": 33,
    "angles": [
        144,
        145,
        146,
        147
    ],
    "distance_series": [
        [
            0.301,
            0.3,
            0.309,
            0.318
        ],
        [
            0.299,
            0.299,
            0.311,
            0.318
        ],
        [
            0.3,
            0.3,
            0.312,
            0.324
        ],
        [
            0.303,
            0.301,
            0.319,
            0.332
        ],
        [
            0.303,
            0.31,
            0.327,
            0.339
        ],
        [
            0.305,
            0.314,
            0.339,
            0.342
        ],
        [
            0.305,
            0.321,
            0.345,
            0.346
        ],
        [
            0.307,
            0.323,
            0.346,
            0.346
        ],
        [
            0.304,
            0.321,
            0.336,
            0.346
        ],
        [
            0.303,
            0.321,
            0.336,
            0.345
        ],
        [
            0.299,
            0.316,
            0.335,
            0.341
        ],
        [
            0.296,
            0.317,
            0.333,
            0.336
        ],
        [
            0.297,
            0.316,
            0.331,
            0.331
        ],
        [
            0.298,
            0.316,
            0.327,
            0.325
        ],
        [
            0.296,
            0.323,
            0.327,
            0.329
        ],
        [
            0.296,
            0.322,
            0.329,
            0.335
        ],
        [
            0.294,
            0.324,
            0.329,
            0.34
        ],
        [
            0.299,
            0.326,
            0.333,
            0.347
        ],
        [
            0.301,
            0.321,
            0.33,
            0.345
        ],
        [
            0.303,
            0.321,
            0.333,
            0.344
        ],
        [
            0.305,
            0.326,
            0.336,
            0.344
        ],
        [
            0.307,
            0.325,
            0.34,
            0.342
        ],
        [
            0.306,
            0.324,
            0.339,
            0.34
        ],
        [
            0.299,
            0.327,
            0.334,
            0.331
        ],
        [
            0.31,
            0.322,
            0.325,
            0.313
        ],
        [
            0.322,
            0.33,
            0.326,
            0.322
        ],
        [
            0.334,
            0.332,
            0.332,
            0.329
        ],
        [
            0.342,
            0.34,
            0.34,
            0.332
        ],
        [
            0.342,
            0.349,
            0.35,
            0.351
        ],
        [
            0.346,
            0.347,
            0.352,
            0.348
        ],
        [
            0.352,
            0.347,
            0.353,
            0.349
        ],
        [
            0.353,
            0.346,
            0.352,
            0.348
        ],
        [
            0.352,
            0.346,
            0.354,
            0.346
        ]
    ],
    "timestamp": "2026-02-26T03:18:40.133746",
    "label": "bee"
}