{
    "event_type": "flower_visit",
    "event_id": "flower_1_20260226031346736756",
    "flower_id": "flower_1",
    "background_dist": 0.35,
    "start_time": 1772097225.2029471,
    "end_time": 1772097226.736638,
    "num_scans": 23,
    "angles": [
        144,
        145,
        146,
        147
    ],
    "distance_series": [
        [
            0.3,
            0.317,
            0.327,
            0.31
        ],
        [
            0.313,
            0.323,
            0.332,
            0.313
        ],
        [
            0.326,
            0.329,
            0.331,
            0.313
        ],
        [
            0.337,
            0.323,
            0.326,
            0.306
        ],
        [
            0.343,
            0.32,
            0.32,
            0.3
        ],
        [
            0.34,
            0.318,
            0.314,
            0.295
        ],
        [
            0.323,
            0.311,
            0.312,
            0.298
        ],
        [
            0.306,
            0.304,
            0.302,
            0.304
        ],
        [
            0.292,
            0.305,
            0.305,
            0.317
        ],
        [
            0.284,
            0.304,
            0.313,
            0.332
        ],
        [
            0.284,
            0.304,
            0.314,
            0.343
        ],
        [
            0.283,
            0.308,
            0.317,
            0.342
        ],
        [
            0.283,
            0.302,
            0.317,
            0.335
        ],
        [
            0.287,
            0.302,
            0.318,
            0.323
        ],
        [
            0.305,
            0.309,
            0.325,
            0.328
        ],
        [
            0.317,
            0.319,
            0.335,
            0.331
        ],
        [
            0.333,
            0.335,
            0.345,
            0.338
        ],
        [
            0.341,
            0.348,
            0.348,
            0.341
        ],
        [
            0.344,
            0.352,
            0.347,
            0.343
        ],
        [
            0.348,
            0.354,
            0.347,
            0.345
        ],
        [
            0.347,
            0.352,
            0.349,
            0.348
        ],
        [
            0.344,
            0.348,
            0.352,
            0.348
        ],
        [
            0.341,
            0.342,
            0.353,
            0.346
        ]
    ],
    "timestamp": "2026-02-26T03:13:46.736835",
    "label": "bee"
}