{
    "event_type": "flower_visit",
    "event_id": "flower_1_20260226030733740387",
    "flower_id": "flower_1",
    "background_dist": 0.35,
    "start_time": 1772096851.0737321,
    "end_time": 1772096853.740248,
    "num_scans": 40,
    "angles": [
        144,
        145,
        146,
        147
    ],
    "distance_series": [
        [
            0.308,
            0.313,
            0.319,
            0.309
        ],
        [
            0.313,
            0.31,
            0.313,
            0.307
        ],
        [
            0.326,
            0.314,
            0.318,
            0.313
        ],
        [
            0.337,
            0.322,
            0.32,
            0.316
        ],
        [
            0.341,
            0.334,
            0.333,
            0.319
        ],
        [
            0.337,
            0.344,
            0.343,
            0.319
        ],
        [
            0.338,
            0.348,
            0.344,
            0.322
        ],
        [
            0.336,
            0.345,
            0.337,
            0.321
        ],
        [
            0.338,
            0.338,
            0.324,
            0.315
        ],
        [
            0.333,
            0.329,
            0.318,
            0.316
        ],
        [
            0.324,
            0.318,
            0.312,
            0.307
        ],
        [
            0.319,
            0.305,
            0.306,
            0.307
        ],
        [
            0.313,
            0.301,
            0.307,
            0.307
        ],
        [
            0.318,
            0.305,
            0.306,
            0.307
        ],
        [
            0.325,
            0.314,
            0.307,
            0.31
        ],
        [
            0.33,
            0.317,
            0.314,
            0.313
        ],
        [
            0.333,
            0.327,
            0.321,
            0.316
        ],
        [
            0.338,
            0.342,
            0.331,
            0.317
        ],
        [
            0.336,
            0.342,
            0.335,
            0.315
        ],
        [
            0.338,
            0.338,
            0.333,
            0.314
        ],
        [
            0.343,
            0.334,
            0.324,
            0.306
        ],
        [
            0.343,
            0.327,
            0.313,
            0.305
        ],
        [
            0.34,
            0.315,
            0.303,
            0.305
        ],
        [
            0.335,
            0.307,
            0.297,
            0.305
        ],
        [
            0.331,
            0.304,
            0.299,
            0.303
        ],
        [
            0.329,
            0.307,
            0.304,
            0.308
        ],
        [
            0.331,
            0.315,
            0.31,
            0.308
        ],
        [
            0.336,
            0.329,
            0.313,
            0.312
        ],
        [
            0.341,
            0.333,
            0.325,
            0.319
        ],
        [
            0.341,
            0.336,
            0.328,
            0.318
        ],
        [
            0.343,
            0.338,
            0.336,
            0.315
        ],
        [
            0.34,
            0.342,
            0.338,
            0.312
        ],
        [
            0.347,
            0.338,
            0.334,
            0.316
        ],
        [
            0.349,
            0.332,
            0.328,
            0.315
        ],
        [
            0.343,
            0.333,
            0.329,
            0.316
        ],
        [
            0.347,
            0.334,
            0.331,
            0.322
        ],
        [
            0.345,
            0.34,
            0.341,
            0.33
        ],
        [
            0.344,
            0.346,
            0.345,
            0.338
        ],
        [
            0.346,
            0.351,
            0.35,
            0.345
        ],
        [
            0.348,
            0.352,
            0.35,
            0.343
        ]
    ],
    "timestamp": "2026-02-26T03:07:33.740489",
    "label": "bee"
}