{
    "event_type": "flower_visit",
    "event_id": "flower_1_20260226032307464429",
    "flower_id": "flower_1",
    "background_dist": 0.35,
    "start_time": 1772097784.530476,
    "end_time": 1772097787.4642901,
    "num_scans": 44,
    "angles": [
        144,
        145,
        146,
        147
    ],
    "distance_series": [
        [
            0.297,
            0.302,
            0.291,
            0.293
        ],
        [
            0.297,
            0.3,
            0.292,
            0.291
        ],
        [
            0.298,
            0.3,
            0.289,
            0.292
        ],
        [
            0.295,
            0.299,
            0.287,
            0.295
        ],
        [
            0.294,
            0.298,
            0.287,
            0.295
        ],
        [
            0.289,
            0.296,
            0.291,
            0.295
        ],
        [
            0.29,
            0.298,
            0.293,
            0.288
        ],
        [
            0.289,
            0.303,
            0.29,
            0.286
        ],
        [
            0.291,
            0.305,
            0.292,
            0.282
        ],
        [
            0.296,
            0.3,
            0.292,
            0.286
        ],
        [
            0.293,
            0.305,
            0.294,
            0.284
        ],
        [
            0.295,
            0.302,
            0.294,
            0.284
        ],
        [
            0.295,
            0.297,
            0.294,
            0.281
        ],
        [
            0.295,
            0.293,
            0.295,
            0.278
        ],
        [
            0.297,
            0.291,
            0.292,
            0.288
        ],
        [
            0.297,
            0.292,
            0.29,
            0.294
        ],
        [
            0.303,
            0.292,
            0.291,
            0.3
        ],
        [
            0.299,
            0.295,
            0.294,
            0.302
        ],
        [
            0.303,
            0.297,
            0.296,
            0.299
        ],
        [
            0.304,
            0.296,
            0.298,
            0.298
        ],
        [
            0.3,
            0.298,
            0.297,
            0.296
        ],
        [
            0.302,
            0.295,
            0.297,
            0.296
        ],
        [
            0.295,
            0.292,
            0.295,
            0.295
        ],
        [
            0.292,
            0.294,
            0.293,
            0.297
        ],
        [
            0.293,
            0.298,
            0.294,
            0.295
        ],
        [
            0.289,
            0.296,
            0.291,
            0.294
        ],
        [
            0.293,
            0.297,
            0.288,
            0.291
        ],
        [
            0.294,
            0.296,
            0.288,
            0.289
        ],
        [
            0.294,
            0.296,
            0.292,
            0.29
        ],
        [
            0.292,
            0.297,
            0.293,
            0.285
        ],
        [
            0.29,
            0.291,
            0.291,
            0.285
        ],
        [
            0.29,
            0.287,
            0.29,
            0.282
        ],
        [
            0.291,
            0.289,
            0.29,
            0.282
        ],
        [
            0.29,
            0.279,
            0.284,
            0.283
        ],
        [
            0.297,
            0.296,
            0.307,
            0.299
        ],
        [
            0.309,
            0.311,
            0.319,
            0.314
        ],
        [
            0.321,
            0.33,
            0.333,
            0.328
        ],
        [
            0.337,
            0.347,
            0.351,
            0.342
        ],
        [
            0.344,
            0.345,
            0.348,
            0.344
        ],
        [
            0.345,
            0.343,
            0.349,
            0.343
        ],
        [
            0.344,
            0.343,
            0.346,
            0.346
        ],
        [
            0.347,
            0.349,
            0.349,
            0.349
        ],
        [
            0.349,
            0.349,
            0.352,
            0.348
        ],
        [
            0.349,
            0.344,
            0.347,
            0.346
        ]
    ],
    "timestamp": "2026-02-26T03:23:07.464515",
    "label": "not_bee"
}