{
    "event_type": "flower_visit",
    "event_id": "flower_1_20260226032523397188",
    "flower_id": "flower_1",
    "background_dist": 0.35,
    "start_time": 1772097919.729857,
    "end_time": 1772097923.397046,
    "num_scans": 55,
    "angles": [
        144,
        145,
        146,
        147
    ],
    "distance_series": [
        [
            0.2,
            0.204,
            0.204,
            0.199
        ],
        [
            0.199,
            0.202,
            0.204,
            0.197
        ],
        [
            0.2,
            0.201,
            0.208,
            0.199
        ],
        [
            0.197,
            0.203,
            0.21,
            0.201
        ],
        [
            0.199,
            0.199,
            0.209,
            0.206
        ],
        [
            0.199,
            0.2,
            0.208,
            0.205
        ],
        [
            0.203,
            0.199,
            0.204,
            0.204
        ],
        [
            0.204,
            0.199,
            0.204,
            0.206
        ],
        [
            0.206,
            0.2,
            0.202,
            0.202
        ],
        [
            0.201,
            0.201,
            0.202,
            0.201
        ],
        [
            0.2,
            0.196,
            0.199,
            0.203
        ],
        [
            0.2,
            0.197,
            0.198,
            0.202
        ],
        [
            0.199,
            0.201,
            0.199,
            0.199
        ],
        [
            0.198,
            0.197,
            0.201,
            0.2
        ],
        [
            0.197,
            0.197,
            0.201,
            0.198
        ],
        [
            0.197,
            0.196,
            0.202,
            0.196
        ],
        [
            0.195,
            0.195,
            0.201,
            0.198
        ],
        [
            0.197,
            0.195,
            0.199,
            0.199
        ],
        [
            0.196,
            0.196,
            0.202,
            0.202
        ],
        [
            0.199,
            0.197,
            0.199,
            0.204
        ],
        [
            0.196,
            0.195,
            0.2,
            0.203
        ],
        [
            0.198,
            0.197,
            0.198,
            0.203
        ],
        [
            0.201,
            0.199,
            0.197,
            0.201
        ],
        [
            0.197,
            0.199,
            0.199,
            0.197
        ],
        [
            0.196,
            0.198,
            0.196,
            0.199
        ],
        [
            0.195,
            0.197,
            0.197,
            0.198
        ],
        [
            0.194,
            0.195,
            0.196,
            0.203
        ],
        [
            0.194,
            0.194,
            0.196,
            0.205
        ],
        [
            0.195,
            0.198,
            0.2,
            0.204
        ],
        [
            0.196,
            0.196,
            0.197,
            0.202
        ],
        [
            0.196,
            0.196,
            0.198,
            0.201
        ],
        [
            0.197,
            0.195,
            0.199,
            0.198
        ],
        [
            0.2,
            0.193,
            0.195,
            0.2
        ],
        [
            0.199,
            0.195,
            0.196,
            0.199
        ],
        [
            0.198,
            0.196,
            0.196,
            0.202
        ],
        [
            0.202,
            0.199,
            0.199,
            0.201
        ],
        [
            0.202,
            0.199,
            0.203,
            0.199
        ],
        [
            0.203,
            0.196,
            0.203,
            0.199
        ],
        [
            0.201,
            0.196,
            0.204,
            0.199
        ],
        [
            0.204,
            0.194,
            0.201,
            0.199
        ],
        [
            0.2,
            0.193,
            0.207,
            0.203
        ],
        [
            0.201,
            0.195,
            0.205,
            0.203
        ],
        [
            0.202,
            0.195,
            0.199,
            0.203
        ],
        [
            0.201,
            0.196,
            0.196,
            0.202
        ],
        [
            0.236,
            0.238,
            0.234,
            0.234
        ],
        [
            0.271,
            0.277,
            0.269,
            0.266
        ],
        [
            0.312,
            0.311,
            0.306,
            0.301
        ],
        [
            0.348,
            0.35,
            0.351,
            0.341
        ],
        [
            0.347,
            0.349,
            0.351,
            0.347
        ],
        [
            0.347,
            0.349,
            0.356,
            0.346
        ],
        [
            0.349,
            0.351,
            0.353,
            0.349
        ],
        [
            0.349,
            0.35,
            0.351,
            0.348
        ],
        [
            0.346,
            0.349,
            0.353,
            0.343
        ],
        [
            0.343,
            0.353,
            0.352,
            0.342
        ],
        [
            0.343,
            0.347,
            0.353,
            0.344
        ]
    ],
    "timestamp": "2026-02-26T03:25:23.397272",
    "label": "not_bee"
}