{
    "event_type": "flower_visit",
    "event_id": "flower_1_20260226030926938793",
    "flower_id": "flower_1",
    "background_dist": 0.35,
    "start_time": 1772096964.806129,
    "end_time": 1772096966.938672,
    "num_scans": 32,
    "angles": [
        144,
        145,
        146,
        147
    ],
    "distance_series": [
        [
            0.303,
            0.31,
            0.329,
            0.338
        ],
        [
            0.31,
            0.318,
            0.331,
            0.337
        ],
        [
            0.314,
            0.326,
            0.336,
            0.338
        ],
        [
            0.312,
            0.33,
            0.338,
            0.337
        ],
        [
            0.315,
            0.332,
            0.333,
            0.335
        ],
        [
            0.317,
            0.328,
            0.33,
            0.326
        ],
        [
            0.307,
            0.323,
            0.329,
            0.317
        ],
        [
            0.295,
            0.316,
            0.322,
            0.317
        ],
        [
            0.286,
            0.312,
            0.332,
            0.32
        ],
        [
            0.291,
            0.308,
            0.337,
            0.332
        ],
        [
            0.299,
            0.313,
            0.342,
            0.344
        ],
        [
            0.31,
            0.321,
            0.349,
            0.344
        ],
        [
            0.317,
            0.327,
            0.346,
            0.346
        ],
        [
            0.321,
            0.34,
            0.344,
            0.346
        ],
        [
            0.327,
            0.339,
            0.342,
            0.338
        ],
        [
            0.335,
            0.333,
            0.329,
            0.331
        ],
        [
            0.334,
            0.325,
            0.326,
            0.32
        ],
        [
            0.323,
            0.312,
            0.32,
            0.312
        ],
        [
            0.319,
            0.308,
            0.316,
            0.315
        ],
        [
            0.304,
            0.307,
            0.327,
            0.322
        ],
        [
            0.297,
            0.314,
            0.33,
            0.328
        ],
        [
            0.301,
            0.323,
            0.343,
            0.339
        ],
        [
            0.303,
            0.337,
            0.345,
            0.34
        ],
        [
            0.309,
            0.335,
            0.346,
            0.341
        ],
        [
            0.319,
            0.334,
            0.34,
            0.338
        ],
        [
            0.324,
            0.337,
            0.343,
            0.338
        ],
        [
            0.329,
            0.341,
            0.34,
            0.341
        ],
        [
            0.336,
            0.343,
            0.339,
            0.341
        ],
        [
            0.338,
            0.35,
            0.348,
            0.346
        ],
        [
            0.339,
            0.356,
            0.349,
            0.349
        ],
        [
            0.342,
            0.351,
            0.346,
            0.351
        ],
        [
            0.342,
            0.349,
            0.347,
            0.347
        ]
    ],
    "timestamp": "2026-02-26T03:09:26.938872",
    "label": "bee"
}