{
    "event_type": "flower_visit",
    "event_id": "flower_1_20260226030610008178",
    "flower_id": "flower_1",
    "background_dist": 0.35,
    "start_time": 1772096768.008244,
    "end_time": 1772096770.008043,
    "num_scans": 30,
    "angles": [
        144,
        145,
        146,
        147
    ],
    "distance_series": [
        [
            0.341,
            0.336,
            0.331,
            0.313
        ],
        [
            0.345,
            0.347,
            0.342,
            0.312
        ],
        [
            0.347,
            0.351,
            0.346,
            0.316
        ],
        [
            0.343,
            0.349,
            0.347,
            0.314
        ],
        [
            0.34,
            0.35,
            0.344,
            0.315
        ],
        [
            0.338,
            0.343,
            0.334,
            0.313
        ],
        [
            0.335,
            0.331,
            0.324,
            0.309
        ],
        [
            0.326,
            0.324,
            0.318,
            0.308
        ],
        [
            0.315,
            0.314,
            0.311,
            0.31
        ],
        [
            0.315,
            0.31,
            0.308,
            0.309
        ],
        [
            0.324,
            0.317,
            0.314,
            0.313
        ],
        [
            0.334,
            0.327,
            0.324,
            0.317
        ],
        [
            0.339,
            0.337,
            0.332,
            0.315
        ],
        [
            0.342,
            0.344,
            0.343,
            0.317
        ],
        [
            0.344,
            0.35,
            0.345,
            0.314
        ],
        [
            0.343,
            0.35,
            0.344,
            0.311
        ],
        [
            0.342,
            0.349,
            0.341,
            0.315
        ],
        [
            0.341,
            0.341,
            0.334,
            0.312
        ],
        [
            0.332,
            0.332,
            0.33,
            0.314
        ],
        [
            0.328,
            0.321,
            0.32,
            0.316
        ],
        [
            0.33,
            0.311,
            0.316,
            0.315
        ],
        [
            0.331,
            0.312,
            0.32,
            0.315
        ],
        [
            0.333,
            0.32,
            0.325,
            0.315
        ],
        [
            0.338,
            0.33,
            0.334,
            0.327
        ],
        [
            0.341,
            0.343,
            0.345,
            0.333
        ],
        [
            0.344,
            0.348,
            0.352,
            0.341
        ],
        [
            0.344,
            0.346,
            0.35,
            0.35
        ],
        [
            0.34,
            0.347,
            0.348,
            0.344
        ],
        [
            0.34,
            0.344,
            0.347,
            0.342
        ],
        [
            0.339,
            0.343,
            0.348,
            0.343
        ]
    ],
    "timestamp": "2026-02-26T03:06:10.008269",
    "label": "bee"
}