{
    "event_type": "flower_visit",
    "event_id": "flower_1_20260226031331404075",
    "flower_id": "flower_1",
    "background_dist": 0.35,
    "start_time": 1772097209.469943,
    "end_time": 1772097211.403924,
    "num_scans": 29,
    "angles": [
        144,
        145,
        146,
        147
    ],
    "distance_series": [
        [
            0.33,
            0.332,
            0.333,
            0.326
        ],
        [
            0.345,
            0.335,
            0.34,
            0.327
        ],
        [
            0.345,
            0.345,
            0.343,
            0.328
        ],
        [
            0.349,
            0.349,
            0.345,
            0.324
        ],
        [
            0.348,
            0.351,
            0.337,
            0.318
        ],
        [
            0.348,
            0.344,
            0.328,
            0.318
        ],
        [
            0.34,
            0.334,
            0.318,
            0.311
        ],
        [
            0.322,
            0.321,
            0.312,
            0.306
        ],
        [
            0.306,
            0.314,
            0.309,
            0.31
        ],
        [
            0.295,
            0.312,
            0.316,
            0.311
        ],
        [
            0.301,
            0.314,
            0.327,
            0.317
        ],
        [
            0.319,
            0.32,
            0.329,
            0.324
        ],
        [
            0.335,
            0.334,
            0.339,
            0.324
        ],
        [
            0.345,
            0.343,
            0.344,
            0.322
        ],
        [
            0.348,
            0.354,
            0.345,
            0.324
        ],
        [
            0.346,
            0.357,
            0.346,
            0.318
        ],
        [
            0.335,
            0.352,
            0.344,
            0.306
        ],
        [
            0.332,
            0.342,
            0.336,
            0.308
        ],
        [
            0.332,
            0.339,
            0.322,
            0.301
        ],
        [
            0.334,
            0.337,
            0.317,
            0.302
        ],
        [
            0.341,
            0.337,
            0.321,
            0.308
        ],
        [
            0.341,
            0.336,
            0.333,
            0.316
        ],
        [
            0.342,
            0.342,
            0.347,
            0.323
        ],
        [
            0.343,
            0.347,
            0.342,
            0.325
        ],
        [
            0.343,
            0.346,
            0.335,
            0.325
        ],
        [
            0.343,
            0.35,
            0.343,
            0.327
        ],
        [
            0.343,
            0.348,
            0.34,
            0.332
        ],
        [
            0.342,
            0.352,
            0.341,
            0.336
        ],
        [
            0.346,
            0.355,
            0.347,
            0.34
        ]
    ],
    "timestamp": "2026-02-26T03:13:31.404166",
    "label": "bee"
}