{
    "event_type": "flower_visit",
    "event_id": "flower_1_20260226032507529927",
    "flower_id": "flower_1",
    "background_dist": 0.35,
    "start_time": 1772097904.730519,
    "end_time": 1772097907.529778,
    "num_scans": 42,
    "angles": [
        144,
        145,
        146,
        147
    ],
    "distance_series": [
        [
            0.281,
            0.284,
            0.283,
            0.288
        ],
        [
            0.283,
            0.285,
            0.285,
            0.282
        ],
        [
            0.284,
            0.289,
            0.288,
            0.282
        ],
        [
            0.29,
            0.283,
            0.295,
            0.285
        ],
        [
            0.285,
            0.285,
            0.293,
            0.281
        ],
        [
            0.287,
            0.286,
            0.291,
            0.289
        ],
        [
            0.286,
            0.283,
            0.294,
            0.291
        ],
        [
            0.285,
            0.289,
            0.295,
            0.29
        ],
        [
            0.287,
            0.292,
            0.295,
            0.291
        ],
        [
            0.29,
            0.294,
            0.295,
            0.288
        ],
        [
            0.289,
            0.297,
            0.291,
            0.287
        ],
        [
            0.294,
            0.296,
            0.285,
            0.286
        ],
        [
            0.295,
            0.294,
            0.29,
            0.29
        ],
        [
            0.299,
            0.287,
            0.284,
            0.293
        ],
        [
            0.295,
            0.286,
            0.285,
            0.294
        ],
        [
            0.294,
            0.287,
            0.293,
            0.298
        ],
        [
            0.294,
            0.289,
            0.29,
            0.302
        ],
        [
            0.294,
            0.29,
            0.294,
            0.301
        ],
        [
            0.293,
            0.29,
            0.296,
            0.296
        ],
        [
            0.29,
            0.289,
            0.292,
            0.294
        ],
        [
            0.288,
            0.285,
            0.295,
            0.291
        ],
        [
            0.294,
            0.291,
            0.295,
            0.296
        ],
        [
            0.292,
            0.297,
            0.292,
            0.296
        ],
        [
            0.293,
            0.294,
            0.293,
            0.297
        ],
        [
            0.288,
            0.297,
            0.292,
            0.297
        ],
        [
            0.289,
            0.294,
            0.29,
            0.293
        ],
        [
            0.288,
            0.296,
            0.288,
            0.294
        ],
        [
            0.293,
            0.294,
            0.287,
            0.294
        ],
        [
            0.29,
            0.292,
            0.292,
            0.294
        ],
        [
            0.284,
            0.284,
            0.286,
            0.288
        ],
        [
            0.273,
            0.28,
            0.28,
            0.283
        ],
        [
            0.263,
            0.271,
            0.273,
            0.268
        ],
        [
            0.28,
            0.285,
            0.291,
            0.281
        ],
        [
            0.302,
            0.308,
            0.307,
            0.305
        ],
        [
            0.323,
            0.33,
            0.328,
            0.326
        ],
        [
            0.35,
            0.356,
            0.349,
            0.349
        ],
        [
            0.346,
            0.355,
            0.345,
            0.346
        ],
        [
            0.345,
            0.356,
            0.346,
            0.347
        ],
        [
            0.347,
            0.352,
            0.345,
            0.345
        ],
        [
            0.348,
            0.351,
            0.345,
            0.342
        ],
        [
            0.35,
            0.344,
            0.344,
            0.342
        ],
        [
            0.346,
            0.351,
            0.348,
            0.345
        ]
    ],
    "timestamp": "2026-02-26T03:25:07.530013",
    "label": "not_bee"
}