{
    "event_type": "flower_visit",
    "event_id": "flower_1_20260226032618462687",
    "flower_id": "flower_1",
    "background_dist": 0.35,
    "start_time": 1772097971.729755,
    "end_time": 1772097978.462484,
    "num_scans": 101,
    "angles": [
        144,
        145,
        146,
        147
    ],
    "distance_series": [
        [
            0.33,
            0.333,
            0.332,
            0.332
        ],
        [
            0.328,
            0.334,
            0.332,
            0.335
        ],
        [
            0.312,
            0.316,
            0.317,
            0.324
        ],
        [
            0.297,
            0.295,
            0.296,
            0.304
        ],
        [
            0.299,
            0.294,
            0.29,
            0.288
        ],
        [
            0.316,
            0.308,
            0.309,
            0.285
        ],
        [
            0.313,
            0.306,
            0.309,
            0.279
        ],
        [
            0.308,
            0.31,
            0.31,
            0.276
        ],
        [
            0.287,
            0.292,
            0.291,
            0.275
        ],
        [
            0.286,
            0.294,
            0.292,
            0.288
        ],
        [
            0.303,
            0.314,
            0.313,
            0.31
        ],
        [
            0.325,
            0.331,
            0.331,
            0.33
        ],
        [
            0.342,
            0.349,
            0.351,
            0.346
        ],
        [
            0.319,
            0.326,
            0.332,
            0.33
        ],
        [
            0.307,
            0.306,
            0.315,
            0.309
        ],
        [
            0.301,
            0.294,
            0.297,
            0.291
        ],
        [
            0.299,
            0.296,
            0.295,
            0.289
        ],
        [
            0.319,
            0.318,
            0.313,
            0.306
        ],
        [
            0.321,
            0.313,
            0.305,
            0.305
        ],
        [
            0.303,
            0.31,
            0.305,
            0.303
        ],
        [
            0.292,
            0.287,
            0.287,
            0.284
        ],
        [
            0.286,
            0.29,
            0.288,
            0.295
        ],
        [
            0.305,
            0.311,
            0.31,
            0.311
        ],
        [
            0.324,
            0.328,
            0.332,
            0.33
        ],
        [
            0.329,
            0.34,
            0.33,
            0.333
        ],
        [
            0.315,
            0.313,
            0.322,
            0.318
        ],
        [
            0.313,
            0.311,
            0.322,
            0.315
        ],
        [
            0.311,
            0.312,
            0.318,
            0.319
        ],
        [
            0.329,
            0.331,
            0.341,
            0.332
        ],
        [
            0.343,
            0.349,
            0.354,
            0.343
        ],
        [
            0.329,
            0.33,
            0.338,
            0.331
        ],
        [
            0.305,
            0.314,
            0.317,
            0.312
        ],
        [
            0.307,
            0.313,
            0.318,
            0.312
        ],
        [
            0.31,
            0.314,
            0.315,
            0.316
        ],
        [
            0.328,
            0.334,
            0.329,
            0.334
        ],
        [
            0.333,
            0.332,
            0.332,
            0.336
        ],
        [
            0.324,
            0.318,
            0.313,
            0.319
        ],
        [
            0.32,
            0.319,
            0.316,
            0.313
        ],
        [
            0.314,
            0.313,
            0.313,
            0.311
        ],
        [
            0.33,
            0.331,
            0.335,
            0.328
        ],
        [
            0.343,
            0.353,
            0.351,
            0.341
        ],
        [
            0.337,
            0.336,
            0.332,
            0.327
        ],
        [
            0.317,
            0.321,
            0.318,
            0.306
        ],
        [
            0.301,
            0.301,
            0.294,
            0.282
        ],
        [
            0.284,
            0.276,
            0.274,
            0.284
        ],
        [
            0.275,
            0.271,
            0.28,
            0.288
        ],
        [
            0.277,
            0.272,
            0.279,
            0.288
        ],
        [
            0.281,
            0.276,
            0.282,
            0.299
        ],
        [
            0.3,
            0.29,
            0.285,
            0.284
        ],
        [
            0.317,
            0.31,
            0.298,
            0.293
        ],
        [
            0.332,
            0.33,
            0.318,
            0.312
        ],
        [
            0.343,
            0.346,
            0.334,
            0.31
        ],
        [
            0.327,
            0.327,
            0.328,
            0.315
        ],
        [
            0.307,
            0.306,
            0.305,
            0.293
        ],
        [
            0.291,
            0.298,
            0.297,
            0.291
        ],
        [
            0.277,
            0.294,
            0.298,
            0.305
        ],
        [
            0.274,
            0.29,
            0.295,
            0.308
        ],
        [
            0.273,
            0.289,
            0.3,
            0.311
        ],
        [
            0.272,
            0.293,
            0.304,
            0.297
        ],
        [
            0.288,
            0.303,
            0.306,
            0.305
        ],
        [
            0.304,
            0.322,
            0.327,
            0.314
        ],
        [
            0.323,
            0.339,
            0.341,
            0.331
        ],
        [
            0.34,
            0.35,
            0.344,
            0.328
        ],
        [
            0.324,
            0.334,
            0.325,
            0.311
        ],
        [
            0.305,
            0.314,
            0.304,
            0.294
        ],
        [
            0.287,
            0.296,
            0.289,
            0.284
        ],
        [
            0.276,
            0.278,
            0.298,
            0.303
        ],
        [
            0.274,
            0.272,
            0.296,
            0.306
        ],
        [
            0.279,
            0.277,
            0.304,
            0.312
        ],
        [
            0.289,
            0.288,
            0.302,
            0.305
        ],
        [
            0.293,
            0.291,
            0.293,
            0.295
        ],
        [
            0.301,
            0.301,
            0.295,
            0.304
        ],
        [
            0.304,
            0.307,
            0.293,
            0.31
        ],
        [
            0.305,
            0.304,
            0.293,
            0.304
        ],
        [
            0.302,
            0.3,
            0.287,
            0.296
        ],
        [
            0.299,
            0.292,
            0.285,
            0.292
        ],
        [
            0.293,
            0.293,
            0.301,
            0.297
        ],
        [
            0.283,
            0.29,
            0.317,
            0.311
        ],
        [
            0.284,
            0.292,
            0.317,
            0.318
        ],
        [
            0.28,
            0.296,
            0.316,
            0.32
        ],
        [
