{
    "event_type": "flower_visit",
    "event_id": "flower_1_20260226030628807388",
    "flower_id": "flower_1",
    "background_dist": 0.35,
    "start_time": 1772096787.2743208,
    "end_time": 1772096788.807246,
    "num_scans": 23,
    "angles": [
        144,
        145,
        146,
        147
    ],
    "distance_series": [
        [
            0.341,
            0.35,
            0.337,
            0.295
        ],
        [
            0.344,
            0.347,
            0.338,
            0.293
        ],
        [
            0.344,
            0.348,
            0.338,
            0.294
        ],
        [
            0.345,
            0.345,
            0.337,
            0.295
        ],
        [
            0.346,
            0.344,
            0.33,
            0.298
        ],
        [
            0.343,
            0.344,
            0.328,
            0.298
        ],
        [
            0.341,
            0.342,
            0.325,
            0.298
        ],
        [
            0.34,
            0.339,
            0.321,
            0.299
        ],
        [
            0.338,
            0.341,
            0.329,
            0.296
        ],
        [
            0.339,
            0.346,
            0.331,
            0.299
        ],
        [
            0.336,
            0.355,
            0.337,
            0.295
        ],
        [
            0.339,
            0.352,
            0.342,
            0.293
        ],
        [
            0.345,
            0.355,
            0.341,
            0.29
        ],
        [
            0.342,
            0.354,
            0.339,
            0.293
        ],
        [
            0.342,
            0.348,
            0.338,
            0.309
        ],
        [
            0.341,
            0.35,
            0.341,
            0.325
        ],
        [
            0.339,
            0.347,
            0.346,
            0.338
        ],
        [
            0.346,
            0.349,
            0.347,
            0.35
        ],
        [
            0.345,
            0.349,
            0.349,
            0.348
        ],
        [
            0.346,
            0.345,
            0.349,
            0.347
        ],
        [
            0.347,
            0.346,
            0.35,
            0.347
        ],
        [
            0.346,
            0.347,
            0.351,
            0.346
        ],
        [
            0.348,
            0.346,
            0.35,
            0.345
        ]
    ],
    "timestamp": "2026-02-26T03:06:28.807476",
    "label": "bee"
}