{
    "event_type": "flower_visit",
    "event_id": "flower_1_20260226030506208282",
    "flower_id": "flower_1",
    "background_dist": 0.35,
    "start_time": 1772096703.741251,
    "end_time": 1772096706.208131,
    "num_scans": 37,
    "angles": [
        144,
        145,
        146,
        147
    ],
    "distance_series": [
        [
            0.34,
            0.354,
            0.336,
            0.314
        ],
        [
            0.344,
            0.35,
            0.337,
            0.318
        ],
        [
            0.345,
            0.349,
            0.334,
            0.315
        ],
        [
            0.345,
            0.346,
            0.329,
            0.314
        ],
        [
            0.345,
            0.344,
            0.329,
            0.316
        ],
        [
            0.341,
            0.344,
            0.326,
            0.314
        ],
        [
            0.344,
            0.345,
            0.334,
            0.313
        ],
        [
            0.342,
            0.342,
            0.337,
            0.311
        ],
        [
            0.342,
            0.347,
            0.34,
            0.307
        ],
        [
            0.341,
            0.349,
            0.347,
            0.307
        ],
        [
            0.341,
            0.353,
            0.345,
            0.31
        ],
        [
            0.343,
            0.355,
            0.345,
            0.314
        ],
        [
            0.342,
            0.351,
            0.348,
            0.318
        ],
        [
            0.339,
            0.349,
            0.343,
            0.32
        ],
        [
            0.34,
            0.345,
            0.34,
            0.319
        ],
        [
            0.341,
            0.346,
            0.337,
            0.318
        ],
        [
            0.34,
            0.347,
            0.337,
            0.316
        ],
        [
            0.345,
            0.353,
            0.343,
            0.312
        ],
        [
            0.342,
            0.354,
            0.349,
            0.311
        ],
        [
            0.344,
            0.355,
            0.354,
            0.311
        ],
        [
            0.347,
            0.354,
            0.349,
            0.312
        ],
        [
            0.346,
            0.35,
            0.348,
            0.315
        ],
        [
            0.348,
            0.345,
            0.345,
            0.313
        ],
        [
            0.351,
            0.346,
            0.344,
            0.314
        ],
        [
            0.346,
            0.346,
            0.342,
            0.313
        ],
        [
            0.342,
            0.347,
            0.342,
            0.312
        ],
        [
            0.343,
            0.35,
            0.339,
            0.314
        ],
        [
            0.34,
            0.352,
            0.343,
            0.313
        ],
        [
            0.343,
            0.351,
            0.347,
            0.312
        ],
        [
            0.345,
            0.348,
            0.347,
            0.318
        ],
        [
            0.341,
            0.346,
            0.349,
            0.329
        ],
        [
            0.338,
            0.349,
            0.351,
            0.336
        ],
        [
            0.337,
            0.35,
            0.351,
            0.343
        ],
        [
            0.341,
            0.353,
            0.355,
            0.347
        ],
        [
            0.345,
            0.353,
            0.359,
            0.345
        ],
        [
            0.342,
            0.353,
            0.358,
            0.345
        ],
        [
            0.338,
            0.353,
            0.351,
            0.345
        ]
    ],
    "timestamp": "2026-02-26T03:05:06.208436",
    "label": "bee"
}