{
    "event_type": "flower_visit",
    "event_id": "flower_1_20260226030921206398",
    "flower_id": "flower_1",
    "background_dist": 0.35,
    "start_time": 1772096959.139103,
    "end_time": 1772096961.206218,
    "num_scans": 31,
    "angles": [
        144,
        145,
        146,
        147
    ],
    "distance_series": [
        [
            0.324,
            0.34,
            0.34,
            0.339
        ],
        [
            0.333,
            0.346,
            0.341,
            0.33
        ],
        [
            0.34,
            0.342,
            0.334,
            0.323
        ],
        [
            0.338,
            0.335,
            0.325,
            0.317
        ],
        [
            0.336,
            0.331,
            0.321,
            0.309
        ],
        [
            0.324,
            0.326,
            0.317,
            0.307
        ],
        [
            0.307,
            0.322,
            0.315,
            0.311
        ],
        [
            0.297,
            0.318,
            0.324,
            0.317
        ],
        [
            0.29,
            0.315,
            0.324,
            0.327
        ],
        [
            0.295,
            0.319,
            0.33,
            0.337
        ],
        [
            0.303,
            0.318,
            0.338,
            0.342
        ],
        [
            0.316,
            0.325,
            0.34,
            0.341
        ],
        [
            0.328,
            0.335,
            0.345,
            0.345
        ],
        [
            0.335,
            0.336,
            0.343,
            0.34
        ],
        [
            0.342,
            0.339,
            0.338,
            0.335
        ],
        [
            0.341,
            0.332,
            0.324,
            0.32
        ],
        [
            0.344,
            0.327,
            0.322,
            0.31
        ],
        [
            0.329,
            0.321,
            0.319,
            0.298
        ],
        [
            0.309,
            0.31,
            0.316,
            0.292
        ],
        [
            0.296,
            0.308,
            0.314,
            0.296
        ],
        [
            0.289,
            0.304,
            0.313,
            0.302
        ],
        [
            0.294,
            0.303,
            0.317,
            0.307
        ],
        [
            0.308,
            0.31,
            0.32,
            0.316
        ],
        [
            0.319,
            0.318,
            0.326,
            0.327
        ],
        [
            0.326,
            0.328,
            0.329,
            0.329
        ],
        [
            0.334,
            0.332,
            0.328,
            0.327
        ],
        [
            0.339,
            0.336,
            0.324,
            0.323
        ],
        [
            0.341,
            0.342,
            0.331,
            0.329
        ],
        [
            0.345,
            0.348,
            0.336,
            0.333
        ],
        [
            0.345,
            0.349,
            0.343,
            0.339
        ],
        [
            0.345,
            0.349,
            0.35,
            0.347
        ]
    ],
    "timestamp": "2026-02-26T03:09:21.206642",
    "label": "bee"
}