{
    "event_type": "flower_visit",
    "event_id": "flower_1_20260226032452863591",
    "flower_id": "flower_1",
    "background_dist": 0.35,
    "start_time": 1772097891.129985,
    "end_time": 1772097892.863501,
    "num_scans": 26,
    "angles": [
        144,
        145,
        146,
        147
    ],
    "distance_series": [
        [
            0.298,
            0.3,
            0.298,
            0.299
        ],
        [
            0.296,
            0.302,
            0.298,
            0.295
        ],
        [
            0.294,
            0.304,
            0.3,
            0.297
        ],
        [
            0.295,
            0.303,
            0.301,
            0.298
        ],
        [
            0.295,
            0.3,
            0.299,
            0.296
        ],
        [
            0.297,
            0.3,
            0.301,
            0.297
        ],
        [
            0.297,
            0.3,
            0.301,
            0.297
        ],
        [
            0.299,
            0.297,
            0.3,
            0.298
        ],
        [
            0.295,
            0.296,
            0.297,
            0.297
        ],
        [
            0.297,
            0.296,
            0.3,
            0.3
        ],
        [
            0.297,
            0.299,
            0.299,
            0.299
        ],
        [
            0.295,
            0.3,
            0.297,
            0.298
        ],
        [
            0.296,
            0.302,
            0.302,
            0.298
        ],
        [
            0.295,
            0.3,
            0.299,
            0.299
        ],
        [
            0.296,
            0.3,
            0.3,
            0.302
        ],
        [
            0.297,
            0.3,
            0.3,
            0.3
        ],
        [
            0.301,
            0.305,
            0.302,
            0.299
        ],
        [
            0.308,
            0.315,
            0.314,
            0.311
        ],
        [
            0.322,
            0.327,
            0.323,
            0.323
        ],
        [
            0.333,
            0.336,
            0.342,
            0.333
        ],
        [
            0.343,
            0.348,
            0.356,
            0.35
        ],
        [
            0.345,
            0.351,
            0.356,
            0.35
        ],
        [
            0.345,
            0.35,
            0.356,
            0.353
        ],
        [
            0.35,
            0.35,
            0.352,
            0.352
        ],
        [
            0.35,
            0.348,
            0.353,
            0.351
        ],
        [
            0.35,
            0.354,
            0.355,
            0.351
        ]
    ],
    "timestamp": "2026-02-26T03:24:52.863663",
    "label": "not_bee"
}