{
    "event_type": "flower_visit",
    "event_id": "flower_1_20260226031458602442",
    "flower_id": "flower_1",
    "background_dist": 0.35,
    "start_time": 1772097296.8696058,
    "end_time": 1772097298.602304,
    "num_scans": 26,
    "angles": [
        144,
        145,
        146,
        147
    ],
    "distance_series": [
        [
            0.308,
            0.328,
            0.338,
            0.341
        ],
        [
            0.311,
            0.334,
            0.34,
            0.336
        ],
        [
            0.315,
            0.33,
            0.347,
            0.326
        ],
        [
            0.32,
            0.329,
            0.342,
            0.321
        ],
        [
            0.318,
            0.327,
            0.342,
            0.318
        ],
        [
            0.318,
            0.326,
            0.338,
            0.32
        ],
        [
            0.314,
            0.331,
            0.336,
            0.328
        ],
        [
            0.312,
            0.33,
            0.338,
            0.329
        ],
        [
            0.307,
            0.324,
            0.339,
            0.334
        ],
        [
            0.307,
            0.321,
            0.338,
            0.338
        ],
        [
            0.31,
            0.322,
            0.34,
            0.339
        ],
        [
            0.303,
            0.32,
            0.335,
            0.342
        ],
        [
            0.307,
            0.319,
            0.337,
            0.34
        ],
        [
            0.313,
            0.318,
            0.335,
            0.334
        ],
        [
            0.314,
            0.321,
            0.329,
            0.322
        ],
        [
            0.322,
            0.32,
            0.325,
            0.312
        ],
        [
            0.323,
            0.318,
            0.328,
            0.31
        ],
        [
            0.328,
            0.324,
            0.323,
            0.314
        ],
        [
            0.337,
            0.329,
            0.33,
            0.318
        ],
        [
            0.342,
            0.333,
            0.329,
            0.323
        ],
        [
            0.344,
            0.341,
            0.338,
            0.334
        ],
        [
            0.347,
            0.357,
            0.345,
            0.339
        ],
        [
            0.349,
            0.365,
            0.347,
            0.344
        ],
        [
            0.35,
            0.353,
            0.35,
            0.344
        ],
        [
            0.349,
            0.354,
            0.345,
            0.346
        ],
        [
            0.352,
            0.359,
            0.348,
            0.347
        ]
    ],
    "timestamp": "2026-02-26T03:14:58.602535",
    "label": "bee"
}