{
    "event_type": "flower_visit",
    "event_id": "flower_1_20260226031248270450",
    "flower_id": "flower_1",
    "background_dist": 0.35,
    "start_time": 1772097166.4050949,
    "end_time": 1772097168.27031,
    "num_scans": 28,
    "angles": [
        144,
        145,
        146,
        147
    ],
    "distance_series": [
        [
            0.324,
            0.323,
            0.323,
            0.311
        ],
        [
            0.331,
            0.328,
            0.327,
            0.315
        ],
        [
            0.338,
            0.334,
            0.332,
            0.313
        ],
        [
            0.342,
            0.336,
            0.337,
            0.312
        ],
        [
            0.338,
            0.339,
            0.339,
            0.308
        ],
        [
            0.344,
            0.341,
            0.344,
            0.309
        ],
        [
            0.346,
            0.34,
            0.339,
            0.305
        ],
        [
            0.347,
            0.344,
            0.337,
            0.304
        ],
        [
            0.346,
            0.34,
            0.331,
            0.3
        ],
        [
            0.339,
            0.332,
            0.323,
            0.303
        ],
        [
            0.331,
            0.324,
            0.321,
            0.305
        ],
        [
            0.326,
            0.32,
            0.325,
            0.312
        ],
        [
            0.326,
            0.319,
            0.324,
            0.322
        ],
        [
            0.331,
            0.323,
            0.323,
            0.323
        ],
        [
            0.335,
            0.326,
            0.327,
            0.323
        ],
        [
            0.341,
            0.329,
            0.33,
            0.32
        ],
        [
            0.343,
            0.335,
            0.331,
            0.314
        ],
        [
            0.344,
            0.341,
            0.338,
            0.309
        ],
        [
            0.345,
            0.343,
            0.337,
            0.304
        ],
        [
            0.346,
            0.347,
            0.339,
            0.309
        ],
        [
            0.342,
            0.353,
            0.341,
            0.319
        ],
        [
            0.338,
            0.349,
            0.34,
            0.329
        ],
        [
            0.338,
            0.352,
            0.346,
            0.339
        ],
        [
            0.343,
            0.349,
            0.348,
            0.343
        ],
        [
            0.346,
            0.349,
            0.349,
            0.344
        ],
        [
            0.348,
            0.354,
            0.348,
            0.345
        ],
        [
            0.351,
            0.354,
            0.345,
            0.347
        ],
        [
            0.349,
            0.355,
            0.348,
            0.347
        ]
    ],
    "timestamp": "2026-02-26T03:12:48.270543",
    "label": "bee"
}