{
    "event_type": "flower_visit",
    "event_id": "flower_1_20260226031452002765",
    "flower_id": "flower_1",
    "background_dist": 0.35,
    "start_time": 1772097290.136362,
    "end_time": 1772097292.0025542,
    "num_scans": 28,
    "angles": [
        144,
        145,
        146,
        147
    ],
    "distance_series": [
        [
            0.301,
            0.311,
            0.312,
            0.32
        ],
        [
            0.299,
            0.317,
            0.321,
            0.326
        ],
        [
            0.301,
            0.322,
            0.331,
            0.337
        ],
        [
            0.304,
            0.333,
            0.338,
            0.341
        ],
        [
            0.303,
            0.335,
            0.339,
            0.344
        ],
        [
            0.305,
            0.333,
            0.343,
            0.342
        ],
        [
            0.304,
            0.325,
            0.339,
            0.34
        ],
        [
            0.303,
            0.318,
            0.341,
            0.339
        ],
        [
            0.305,
            0.318,
            0.341,
            0.335
        ],
        [
            0.305,
            0.313,
            0.339,
            0.339
        ],
        [
            0.3,
            0.321,
            0.339,
            0.344
        ],
        [
            0.299,
            0.318,
            0.334,
            0.345
        ],
        [
            0.302,
            0.328,
            0.333,
            0.347
        ],
        [
            0.302,
            0.329,
            0.333,
            0.345
        ],
        [
            0.306,
            0.332,
            0.331,
            0.338
        ],
        [
            0.312,
            0.343,
            0.335,
            0.335
        ],
        [
            0.31,
            0.331,
            0.339,
            0.337
        ],
        [
            0.308,
            0.334,
            0.34,
            0.33
        ],
        [
            0.307,
            0.321,
            0.337,
            0.331
        ],
        [
            0.308,
            0.315,
            0.331,
            0.329
        ],
        [
            0.317,
            0.321,
            0.329,
            0.33
        ],
        [
            0.326,
            0.33,
            0.337,
            0.335
        ],
        [
            0.339,
            0.343,
            0.351,
            0.341
        ],
        [
            0.348,
            0.354,
            0.36,
            0.349
        ],
        [
            0.347,
            0.355,
            0.359,
            0.349
        ],
        [
            0.346,
            0.352,
            0.356,
            0.347
        ],
        [
            0.341,
            0.349,
            0.36,
            0.346
        ],
        [
            0.343,
            0.351,
            0.356,
            0.344
        ]
    ],
    "timestamp": "2026-02-26T03:14:52.002838",
    "label": "bee"
}