{
    "event_type": "flower_visit",
    "event_id": "flower_1_20260226031052605493",
    "flower_id": "flower_1",
    "background_dist": 0.35,
    "start_time": 1772097050.471583,
    "end_time": 1772097052.605352,
    "num_scans": 32,
    "angles": [
        144,
        145,
        146,
        147
    ],
    "distance_series": [
        [
            0.299,
            0.319,
            0.323,
            0.315
        ],
        [
            0.303,
            0.315,
            0.328,
            0.32
        ],
        [
            0.301,
            0.315,
            0.323,
            0.322
        ],
        [
            0.302,
            0.317,
            0.321,
            0.321
        ],
        [
            0.299,
            0.317,
            0.321,
            0.322
        ],
        [
            0.293,
            0.318,
            0.324,
            0.332
        ],
        [
            0.291,
            0.314,
            0.321,
            0.334
        ],
        [
            0.287,
            0.312,
            0.319,
            0.338
        ],
        [
            0.288,
            0.309,
            0.322,
            0.341
        ],
        [
            0.291,
            0.314,
            0.328,
            0.336
        ],
        [
            0.296,
            0.317,
            0.322,
            0.337
        ],
        [
            0.299,
            0.321,
            0.325,
            0.333
        ],
        [
            0.303,
            0.326,
            0.33,
            0.335
        ],
        [
            0.308,
            0.33,
            0.333,
            0.338
        ],
        [
            0.306,
            0.332,
            0.337,
            0.338
        ],
        [
            0.304,
            0.328,
            0.337,
            0.342
        ],
        [
            0.3,
            0.321,
            0.332,
            0.341
        ],
        [
            0.296,
            0.319,
            0.325,
            0.339
        ],
        [
            0.292,
            0.315,
            0.314,
            0.332
        ],
        [
            0.289,
            0.312,
            0.309,
            0.323
        ],
        [
            0.29,
            0.313,
            0.31,
            0.317
        ],
        [
            0.294,
            0.307,
            0.315,
            0.309
        ],
        [
            0.298,
            0.313,
            0.319,
            0.311
        ],
        [
            0.306,
            0.323,
            0.328,
            0.317
        ],
        [
            0.321,
            0.34,
            0.338,
            0.329
        ],
        [
            0.331,
            0.345,
            0.344,
            0.336
        ],
        [
            0.338,
            0.349,
            0.352,
            0.343
        ],
        [
            0.342,
            0.355,
            0.354,
            0.346
        ],
        [
            0.345,
            0.352,
            0.351,
            0.346
        ],
        [
            0.345,
            0.353,
            0.345,
            0.347
        ],
        [
            0.346,
            0.354,
            0.342,
            0.351
        ],
        [
            0.347,
            0.346,
            0.341,
            0.351
        ]
    ],
    "timestamp": "2026-02-26T03:10:52.605580",
    "label": "bee"
}