{
    "event_type": "flower_visit",
    "event_id": "flower_1_20260226031339937303",
    "flower_id": "flower_1",
    "background_dist": 0.35,
    "start_time": 1772097217.937066,
    "end_time": 1772097219.937152,
    "num_scans": 30,
    "angles": [
        144,
        145,
        146,
        147
    ],
    "distance_series": [
        [
            0.338,
            0.345,
            0.334,
            0.275
        ],
        [
            0.341,
            0.345,
            0.333,
            0.271
        ],
        [
            0.341,
            0.339,
            0.322,
            0.274
        ],
        [
            0.341,
            0.33,
            0.304,
            0.272
        ],
        [
            0.333,
            0.315,
            0.291,
            0.273
        ],
        [
            0.327,
            0.298,
            0.277,
            0.272
        ],
        [
            0.317,
            0.293,
            0.277,
            0.271
        ],
        [
            0.32,
            0.298,
            0.285,
            0.272
        ],
        [
            0.326,
            0.319,
            0.304,
            0.27
        ],
        [
            0.339,
            0.332,
            0.317,
            0.272
        ],
        [
            0.346,
            0.346,
            0.326,
            0.278
        ],
        [
            0.351,
            0.347,
            0.321,
            0.279
        ],
        [
            0.351,
            0.343,
            0.324,
            0.281
        ],
        [
            0.344,
            0.339,
            0.311,
            0.282
        ],
        [
            0.331,
            0.322,
            0.303,
            0.282
        ],
        [
            0.313,
            0.309,
            0.303,
            0.285
        ],
        [
            0.296,
            0.292,
            0.287,
            0.287
        ],
        [
            0.28,
            0.283,
            0.282,
            0.292
        ],
        [
            0.27,
            0.278,
            0.281,
            0.291
        ],
        [
            0.282,
            0.281,
            0.277,
            0.284
        ],
        [
            0.3,
            0.302,
            0.296,
            0.3
        ],
        [
            0.322,
            0.322,
            0.308,
            0.31
        ],
        [
            0.343,
            0.342,
            0.331,
            0.332
        ],
        [
            0.349,
            0.36,
            0.355,
            0.352
        ],
        [
            0.35,
            0.36,
            0.352,
            0.352
        ],
        [
            0.347,
            0.36,
            0.351,
            0.35
        ],
        [
            0.346,
            0.363,
            0.351,
            0.353
        ],
        [
            0.347,
            0.357,
            0.351,
            0.352
        ],
        [
            0.349,
            0.355,
            0.349,
            0.352
        ],
        [
            0.349,
            0.349,
            0.35,
            0.351
        ]
    ],
    "timestamp": "2026-02-26T03:13:39.937396",
    "label": "bee"
}