{
    "event_type": "flower_visit",
    "event_id": "flower_1_20260226032812061996",
    "flower_id": "flower_1",
    "background_dist": 0.35,
    "start_time": 1772098089.594878,
    "end_time": 1772098092.061839,
    "num_scans": 37,
    "angles": [
        144,
        145,
        146,
        147
    ],
    "distance_series": [
        [
            0.287,
            0.285,
            0.282,
            0.286
        ],
        [
            0.284,
            0.283,
            0.285,
            0.287
        ],
        [
            0.282,
            0.284,
            0.284,
            0.291
        ],
        [
            0.281,
            0.286,
            0.285,
            0.29
        ],
        [
            0.279,
            0.284,
            0.286,
            0.286
        ],
        [
            0.283,
            0.285,
            0.285,
            0.288
        ],
        [
            0.284,
            0.287,
            0.289,
            0.285
        ],
        [
            0.282,
            0.284,
            0.286,
            0.285
        ],
        [
            0.286,
            0.285,
            0.285,
            0.29
        ],
        [
            0.284,
            0.283,
            0.286,
            0.288
        ],
        [
            0.285,
            0.284,
            0.284,
            0.287
        ],
        [
            0.285,
            0.283,
            0.283,
            0.285
        ],
        [
            0.286,
            0.282,
            0.286,
            0.283
        ],
        [
            0.285,
            0.284,
            0.287,
            0.282
        ],
        [
            0.283,
            0.285,
            0.287,
            0.283
        ],
        [
            0.283,
            0.286,
            0.286,
            0.28
        ],
        [
            0.284,
            0.285,
            0.282,
            0.281
        ],
        [
            0.286,
            0.285,
            0.281,
            0.282
        ],
        [
            0.282,
            0.288,
            0.279,
            0.283
        ],
        [
            0.285,
            0.29,
            0.281,
            0.285
        ],
        [
            0.284,
            0.288,
            0.281,
            0.29
        ],
        [
            0.285,
            0.286,
            0.282,
            0.292
        ],
        [
            0.288,
            0.286,
            0.282,
            0.292
        ],
        [
            0.288,
            0.293,
            0.282,
            0.29
        ],
        [
            0.286,
            0.292,
            0.284,
            0.294
        ],
        [
            0.289,
            0.294,
            0.283,
            0.291
        ],
        [
            0.282,
            0.287,
            0.284,
            0.294
        ],
        [
            0.295,
            0.3,
            0.297,
            0.309
        ],
        [
            0.313,
            0.319,
            0.313,
            0.32
        ],
        [
            0.326,
            0.335,
            0.33,
            0.336
        ],
        [
            0.348,
            0.358,
            0.349,
            0.346
        ],
        [
            0.349,
            0.357,
            0.351,
            0.346
        ],
        [
            0.349,
            0.356,
            0.352,
            0.352
        ],
        [
            0.346,
            0.356,
            0.355,
            0.353
        ],
        [
            0.343,
            0.356,
            0.352,
            0.353
        ],
        [
            0.343,
            0.352,
            0.351,
            0.352
        ],
        [
            0.343,
            0.348,
            0.35,
            0.35
        ]
    ],
    "timestamp": "2026-02-26T03:28:12.062127",
    "label": "not_bee"
}