{
    "event_type": "flower_visit",
    "event_id": "flower_2_20260406163038498061",
    "flower_id": "flower_2",
    "background_dist": 0.3,
    "start_time": 1775511036.298424,
    "end_time": 1775511038.497888,
    "num_scans": 33,
    "angles": [
        153,
        154,
        155,
        156,
        157,
        158
    ],
    "distance_series": [
        [
            0.277,
            0.257,
            0.268,
            0.267,
            0.276,
            0.285
        ],
        [
            0.268,
            0.26,
            0.273,
            0.272,
            0.277,
            0.288
        ],
        [
            0.26,
            0.262,
            0.274,
            0.279,
            0.28,
            0.297
        ],
        [
            0.262,
            0.264,
            0.273,
            0.288,
            0.284,
            0.296
        ],
        [
            0.266,
            0.265,
            0.273,
            0.293,
            0.289,
            0.292
        ],
        [
            0.274,
            0.263,
            0.27,
            0.287,
            0.288,
            0.296
        ],
        [
            0.29,
            0.263,
            0.266,
            0.283,
            0.294,
            0.292
        ],
        [
            0.307,
            0.258,
            0.266,
            0.278,
            0.291,
            0.292
        ],
        [
            0.315,
            0.26,
            0.265,
            0.267,
            0.285,
            0.296
        ],
        [
            0.322,
            0.262,
            0.266,
            0.267,
            0.279,
            0.294
        ],
        [
            0.321,
            0.263,
            0.265,
            0.272,
            0.289,
            0.293
        ],
        [
            0.301,
            0.269,
            0.266,
            0.276,
            0.289,
            0.296
        ],
        [
            0.293,
            0.264,
            0.269,
            0.281,
            0.29,
            0.299
        ],
        [
            0.281,
            0.27,
            0.274,
            0.286,
            0.295,
            0.302
        ],
        [
            0.278,
            0.271,
            0.283,
            0.288,
            0.292,
            0.301
        ],
        [
            0.275,
            0.276,
            0.29,
            0.289,
            0.295,
            0.305
        ],
        [
            0.273,
            0.28,
            0.289,
            0.288,
            0.301,
            0.31
        ],
        [
            0.27,
            0.278,
            0.293,
            0.288,
            0.302,
            0.311
        ],
        [
            0.266,
            0.28,
            0.29,
            0.283,
            0.296,
            0.305
        ],
        [
            0.264,
            0.276,
            0.286,
            0.287,
            0.293,
            0.299
        ],
        [
            0.272,
            0.269,
            0.281,
            0.281,
            0.295,
            0.294
        ],
        [
            0.288,
            0.265,
            0.27,
            0.279,
            0.292,
            0.298
        ],
        [
            0.302,
            0.266,
            0.266,
            0.274,
            0.288,
            0.296
        ],
        [
            0.32,
            0.265,
            0.267,
            0.27,
            0.291,
            0.297
        ],
        [
            0.321,
            0.266,
            0.264,
            0.265,
            0.292,
            0.298
        ],
        [
            0.31,
            0.269,
            0.268,
            0.269,
            0.293,
            0.294
        ],
        [
            0.299,
            0.271,
            0.272,
            0.277,
            0.292,
            0.289
        ],
        [
            0.285,
            0.272,
            0.272,
            0.284,
            0.297,
            0.297
        ],
        [
            0.28,
            0.268,
            0.276,
            0.293,
            0.296,
            0.297
        ],
        [
            0.268,
            0.271,
            0.272,
            0.298,
            0.291,
            0.298
        ],
        [
            0.268,
            0.274,
            0.27,
            0.298,
            0.291,
            0.298
        ],
        [
            0.267,
            0.271,
            0.278,
            0.293,
            0.285,
            0.297
        ],
        [
            0.276,
            0.269,
            0.279,
            0.295,
            0.282,
            0.292
        ]
    ],
    "timestamp": "2026-04-06T16:30:38.498147",
    "label": "not_bee"
}