{
    "event_type": "flower_visit",
    "event_id": "flower_1_20260406163052698122",
    "flower_id": "flower_1",
    "background_dist": 0.31,
    "start_time": 1775511049.830991,
    "end_time": 1775511052.697963,
    "num_scans": 43,
    "angles": [
        119,
        120,
        121,
        122,
        123,
        124,
        125,
        126
    ],
    "distance_series": [
        [
            0.527,
            0.306,
            0.281,
            0.269,
            0.277,
            0.301,
            0.293,
            0.311
        ],
        [
            0.525,
            0.31,
            0.282,
            0.269,
            0.279,
            0.301,
            0.294,
            0.307
        ],
        [
            0.522,
            0.316,
            0.279,
            0.278,
            0.285,
            0.3,
            0.3,
            0.305
        ],
        [
            0.523,
            0.313,
            0.276,
            0.272,
            0.284,
            0.298,
            0.3,
            0.304
        ],
        [
            0.522,
            0.309,
            0.276,
            0.269,
            0.283,
            0.298,
            0.298,
            0.305
        ],
        [
            0.521,
            0.309,
            0.275,
            0.268,
            0.279,
            0.298,
            0.303,
            0.304
        ],
        [
            0.521,
            0.306,
            0.275,
            0.267,
            0.283,
            0.3,
            0.302,
            0.305
        ],
        [
            0.523,
            0.303,
            0.275,
            0.273,
            0.282,
            0.299,
            0.305,
            0.303
        ],
        [
            0.524,
            0.301,
            0.276,
            0.27,
            0.283,
            0.291,
            0.306,
            0.301
        ],
        [
            0.526,
            0.3,
            0.271,
            0.275,
            0.283,
            0.285,
            0.306,
            0.308
        ],
        [
            0.524,
            0.304,
            0.276,
            0.273,
            0.285,
            0.284,
            0.297,
            0.31
        ],
        [
            0.521,
            0.311,
            0.272,
            0.271,
            0.288,
            0.283,
            0.296,
            0.31
        ],
        [
            0.523,
            0.315,
            0.274,
            0.274,
            0.284,
            0.291,
            0.294,
            0.308
        ],
        [
            0.519,
            0.319,
            0.272,
            0.27,
            0.287,
            0.293,
            0.294,
            0.299
        ],
        [
            0.523,
            0.321,
            0.272,
            0.268,
            0.287,
            0.298,
            0.294,
            0.305
        ],
        [
            0.522,
            0.315,
            0.275,
            0.268,
            0.282,
            0.298,
            0.302,
            0.298
        ],
        [
            0.519,
            0.301,
            0.276,
            0.266,
            0.281,
            0.297,
            0.3,
            0.3
        ],
        [
            0.521,
            0.293,
            0.275,
            0.263,
            0.275,
            0.293,
            0.297,
            0.297
        ],
        [
            0.52,
            0.291,
            0.272,
            0.265,
            0.271,
            0.297,
            0.296,
            0.303
        ],
        [
            0.519,
            0.294,
            0.265,
            0.267,
            0.268,
            0.299,
            0.3,
            0.302
        ],
        [
            0.519,
            0.305,
            0.265,
            0.266,
            0.265,
            0.292,
            0.3,
            0.307
        ],
        [
            0.519,
            0.304,
            0.266,
            0.262,
            0.269,
            0.294,
            0.299,
            0.31
        ],
        [
            0.52,
            0.302,
            0.265,
            0.262,
            0.271,
            0.289,
            0.299,
            0.305
        ],
        [
            0.525,
            0.296,
            0.262,
            0.264,
            0.274,
            0.291,
            0.296,
            0.305
        ],
        [
            0.528,
            0.288,
            0.262,
            0.265,
            0.279,
            0.292,
            0.3,
            0.304
        ],
        [
            0.528,
            0.288,
            0.262,
            0.271,
            0.287,
            0.296,
            0.302,
            0.301
        ],
        [
            0.529,
            0.289,
            0.262,
            0.272,
            0.29,
            0.289,
            0.303,
            0.307
        ],
        [
            0.522,
            0.292,
            0.265,
            0.271,
            0.282,
            0.293,
            0.301,
            0.301
        ],
        [
            0.519,
            0.297,
            0.266,
            0.271,
            0.288,
            0.292,
            0.303,
            0.305
        ],
        [
            0.519,
            0.3,
            0.263,
            0.268,
            0.282,
            0.289,
            0.298,
            0.303
        ],
        [
            0.516,
            0.304,
            0.265,
            0.265,
            0.276,
            0.283,
            0.293,
            0.304
        ],
        [
            0.518,
            0.311,
            0.266,
            0.261,
            0.268,
            0.282,
            0.292,
            0.303
        ],
        [
            0.52,
            0.316,
            0.265,
            0.26,
            0.261,
            0.277,
            0.281,
            0.298
        ],
        [
            0.52,
            0.311,
            0.264,
            0.259,
            0.26,
            0.276,
            0.287,
            0.298
        ],
        [
            0.521,
            0.31,
            0.27,
            0.271,
            0.266,
            0.282,
            0.285,
            0.301
        ],
        [
            0.521,
            0.31,
            0.281,
            0.277,
            0.282,
            0.288,
            0.294,
            0.306
        ],
        [
            0.519,
            0.31,
            0.291,
            0.287,
            0.29,
            0.297,
            0.3,
            0.305
        ],
        [
            0.517,
            0.309,
            0.302,
            0.297,
            0.302,
            0.304,
            0.304,
            0.309
        ],
        [
            0.517,
            0.308,
            0.307,
            0.299,
            0.3,
            0.304,
            0.303,
            0.309
        ],
        [
            0.518,
            0.307,
            0.307,
            0.305,
            0.298,
            0.303,
            0.306,
            0.306
        ],
        [
            0.521,
            0.31,
            0.309,
            0.305,
            0.301,
            0.302,
            0.306,
            0.309
        ],
        [
            0.521,
            0.309,
            0.308,
            0.306,
            0.3,
            0.303,
            0.302,
            0.303
        ],
        [
            0.518,
            0.314,
            0.305,
            0.298,
            0.301,
            0.303,
            0.303,
            0.302
        ]
    ],
    "timestamp": "2026-04-06T16:30:52.698471",
    "label": "not_bee"
}