{
    "event_type": "flower_visit",
    "event_id": "flower_1_20260406163024233316",
    "flower_id": "flower_1",
    "background_dist": 0.31,
    "start_time": 1775511022.230997,
    "end_time": 1775511024.233172,
    "num_scans": 30,
    "angles": [
        119,
        120,
        121,
        122,
        123,
        124,
        125,
        126
    ],
    "distance_series": [
        [
            0.525,
            0.325,
            0.298,
            0.276,
            0.273,
            0.279,
            0.29,
            0.307
        ],
        [
            0.524,
            0.328,
            0.299,
            0.275,
            0.273,
            0.279,
            0.291,
            0.307
        ],
        [
            0.525,
            0.323,
            0.3,
            0.275,
            0.274,
            0.28,
            0.288,
            0.305
        ],
        [
            0.525,
            0.326,
            0.298,
            0.276,
            0.273,
            0.28,
            0.29,
            0.306
        ],
        [
            0.522,
            0.326,
            0.299,
            0.278,
            0.271,
            0.281,
            0.296,
            0.309
        ],
        [
            0.525,
            0.321,
            0.302,
            0.279,
            0.272,
            0.277,
            0.295,
            0.312
        ],
        [
            0.522,
            0.316,
            0.297,
            0.282,
            0.269,
            0.275,
            0.295,
            0.309
        ],
        [
            0.52,
            0.315,
            0.298,
            0.28,
            0.268,
            0.273,
            0.291,
            0.308
        ],
        [
            0.521,
            0.316,
            0.296,
            0.28,
            0.268,
            0.275,
            0.285,
            0.313
        ],
        [
            0.518,
            0.316,
            0.296,
            0.281,
            0.268,
            0.275,
            0.283,
            0.318
        ],
        [
            0.518,
            0.315,
            0.299,
            0.282,
            0.268,
            0.277,
            0.282,
            0.317
        ],
        [
            0.518,
            0.317,
            0.298,
            0.281,
            0.267,
            0.275,
            0.28,
            0.313
        ],
        [
            0.516,
            0.316,
            0.3,
            0.277,
            0.269,
            0.272,
            0.28,
            0.307
        ],
        [
            0.514,
            0.318,
            0.297,
            0.276,
            0.265,
            0.272,
            0.274,
            0.303
        ],
        [
            0.514,
            0.323,
            0.295,
            0.27,
            0.265,
            0.275,
            0.277,
            0.307
        ],
        [
            0.517,
            0.322,
            0.293,
            0.271,
            0.264,
            0.273,
            0.28,
            0.31
        ],
        [
            0.516,
            0.323,
            0.292,
            0.269,
            0.265,
            0.272,
            0.284,
            0.313
        ],
        [
            0.514,
            0.317,
            0.286,
            0.269,
            0.264,
            0.277,
            0.287,
            0.312
        ],
        [
            0.516,
            0.314,
            0.285,
            0.27,
            0.268,
            0.275,
            0.291,
            0.314
        ],
        [
            0.515,
            0.314,
            0.288,
            0.272,
            0.271,
            0.271,
            0.288,
            0.311
        ],
        [
            0.52,
            0.315,
            0.291,
            0.273,
            0.271,
            0.275,
            0.287,
            0.307
        ],
        [
            0.527,
            0.315,
            0.3,
            0.275,
            0.272,
            0.274,
            0.288,
            0.308
        ],
        [
            0.523,
            0.317,
            0.305,
            0.287,
            0.276,
            0.28,
            0.291,
            0.305
        ],
        [
            0.525,
            0.317,
            0.311,
            0.294,
            0.283,
            0.288,
            0.297,
            0.308
        ],
        [
            0.523,
            0.318,
            0.316,
            0.303,
            0.29,
            0.294,
            0.304,
            0.309
        ],
        [
            0.518,
            0.319,
            0.315,
            0.303,
            0.301,
            0.3,
            0.308,
            0.313
        ],
        [
            0.519,
            0.32,
            0.32,
            0.306,
            0.306,
            0.302,
            0.307,
            0.315
        ],
        [
            0.517,
            0.319,
            0.314,
            0.304,
            0.304,
            0.301,
            0.302,
            0.316
        ],
        [
            0.518,
            0.315,
            0.314,
            0.306,
            0.304,
            0.303,
            0.303,
            0.317
        ],
        [
            0.52,
            0.317,
            0.308,
            0.301,
            0.303,
            0.3,
            0.298,
            0.31
        ]
    ],
    "timestamp": "2026-04-06T16:30:24.233403",
    "label": "bee"
}