{
    "event_type": "flower_visit",
    "event_id": "flower_2_20260406163122363608",
    "flower_id": "flower_2",
    "background_dist": 0.3,
    "start_time": 1775511081.163311,
    "end_time": 1775511082.363428,
    "num_scans": 18,
    "angles": [
        153,
        154,
        155,
        156,
        157,
        158
    ],
    "distance_series": [
        [
            0.311,
            0.266,
            0.266,
            0.263,
            0.282,
            0.312
        ],
        [
            0.313,
            0.272,
            0.265,
            0.264,
            0.285,
            0.311
        ],
        [
            0.312,
            0.271,
            0.264,
            0.267,
            0.285,
            0.307
        ],
        [
            0.322,
            0.273,
            0.264,
            0.268,
            0.287,
            0.312
        ],
        [
            0.318,
            0.275,
            0.261,
            0.267,
            0.29,
            0.318
        ],
        [
            0.33,
            0.274,
            0.262,
            0.265,
            0.288,
            0.322
        ],
        [
            0.347,
            0.276,
            0.263,
            0.263,
            0.287,
            0.328
        ],
        [
            0.344,
            0.283,
            0.272,
            0.257,
            0.278,
            0.334
        ],
        [
            0.352,
            0.287,
            0.27,
            0.254,
            0.267,
            0.335
        ],
        [
            0.344,
            0.289,
            0.274,
            0.255,
            0.264,
            0.321
        ],
        [
            0.333,
            0.294,
            0.285,
            0.267,
            0.273,
            0.313
        ],
        [
            0.332,
            0.293,
            0.282,
            0.271,
            0.278,
            0.307
        ],
        [
            0.324,
            0.299,
            0.292,
            0.278,
            0.291,
            0.303
        ],
        [
            0.326,
            0.302,
            0.297,
            0.295,
            0.3,
            0.308
        ],
        [
            0.324,
            0.305,
            0.298,
            0.299,
            0.3,
            0.308
        ],
        [
            0.321,
            0.307,
            0.298,
            0.299,
            0.305,
            0.305
        ],
        [
            0.323,
            0.306,
            0.299,
            0.301,
            0.304,
            0.303
        ],
        [
            0.321,
            0.3,
            0.301,
            0.304,
            0.302,
            0.299
        ]
    ],
    "timestamp": "2026-04-06T16:31:22.363705",
    "label": "bee"
}