{
    "event_type": "flower_visit",
    "event_id": "flower_1_20260406163015898883",
    "flower_id": "flower_1",
    "background_dist": 0.31,
    "start_time": 1775511013.699581,
    "end_time": 1775511015.898805,
    "num_scans": 33,
    "angles": [
        119,
        120,
        121,
        122,
        123,
        124,
        125,
        126
    ],
    "distance_series": [
        [
            0.353,
            0.279,
            0.267,
            0.28,
            0.301,
            0.305,
            0.299,
            0.31
        ],
        [
            0.331,
            0.275,
            0.268,
            0.279,
            0.307,
            0.307,
            0.3,
            0.309
        ],
        [
            0.327,
            0.274,
            0.272,
            0.284,
            0.306,
            0.31,
            0.302,
            0.31
        ],
        [
            0.331,
            0.273,
            0.273,
            0.282,
            0.307,
            0.302,
            0.301,
            0.307
        ],
        [
            0.351,
            0.272,
            0.275,
            0.288,
            0.306,
            0.302,
            0.302,
            0.302
        ],
        [
            0.393,
            0.274,
            0.275,
            0.292,
            0.306,
            0.3,
            0.301,
            0.305
        ],
        [
            0.435,
            0.28,
            0.275,
            0.294,
            0.305,
            0.298,
            0.301,
            0.302
        ],
        [
            0.484,
            0.287,
            0.277,
            0.297,
            0.299,
            0.301,
            0.305,
            0.302
        ],
        [
            0.521,
            0.294,
            0.275,
            0.298,
            0.297,
            0.304,
            0.301,
            0.304
        ],
        [
            0.542,
            0.301,
            0.274,
            0.297,
            0.299,
            0.304,
            0.302,
            0.298
        ],
        [
            0.553,
            0.305,
            0.276,
            0.292,
            0.296,
            0.3,
            0.304,
            0.304
        ],
        [
            0.564,
            0.307,
            0.273,
            0.28,
            0.303,
            0.3,
            0.307,
            0.309
        ],
        [
            0.555,
            0.304,
            0.27,
            0.275,
            0.301,
            0.297,
            0.31,
            0.303
        ],
        [
            0.528,
            0.297,
            0.271,
            0.272,
            0.296,
            0.302,
            0.311,
            0.306
        ],
        [
            0.486,
            0.287,
            0.271,
            0.276,
            0.297,
            0.303,
            0.308,
            0.298
        ],
        [
            0.438,
            0.28,
            0.272,
            0.278,
            0.298,
            0.301,
            0.304,
            0.298
        ],
        [
            0.411,
            0.278,
            0.275,
            0.285,
            0.296,
            0.299,
            0.305,
            0.3
        ],
        [
            0.41,
            0.277,
            0.276,
            0.287,
            0.301,
            0.304,
            0.305,
            0.303
        ],
        [
            0.42,
            0.28,
            0.278,
            0.294,
            0.305,
            0.301,
            0.305,
            0.307
        ],
        [
            0.438,
            0.28,
            0.277,
            0.298,
            0.305,
            0.302,
            0.305,
            0.303
        ],
        [
            0.467,
            0.281,
            0.279,
            0.296,
            0.307,
            0.301,
            0.306,
            0.305
        ],
        [
            0.494,
            0.284,
            0.276,
            0.297,
            0.303,
            0.298,
            0.304,
            0.303
        ],
        [
            0.527,
            0.288,
            0.273,
            0.292,
            0.301,
            0.298,
            0.302,
            0.304
        ],
        [
            0.55,
            0.296,
            0.27,
            0.284,
            0.302,
            0.298,
            0.302,
            0.3
        ],
        [
            0.559,
            0.303,
            0.273,
            0.284,
            0.301,
            0.298,
            0.304,
            0.306
        ],
        [
            0.557,
            0.312,
            0.28,
            0.284,
            0.302,
            0.305,
            0.305,
            0.305
        ],
        [
            0.548,
            0.315,
            0.285,
            0.285,
            0.3,
            0.301,
            0.304,
            0.3
        ],
        [
            0.545,
            0.313,
            0.287,
            0.29,
            0.302,
            0.296,
            0.305,
            0.307
        ],
        [
            0.539,
            0.31,
            0.287,
            0.291,
            0.3,
            0.3,
            0.305,
            0.304
        ],
        [
            0.519,
            0.305,
            0.281,
            0.294,
            0.303,
            0.305,
            0.303,
            0.304
        ],
        [
            0.49,
            0.301,
            0.277,
            0.29,
            0.301,
            0.302,
            0.298,
            0.31
        ],
        [
            0.455,
            0.294,
            0.277,
            0.294,
            0.307,
            0.306,
            0.3,
            0.307
        ],
        [
            0.424,
            0.291,
            0.278,
            0.302,
            0.304,
            0.304,
            0.303,
            0.308
        ]
    ],
    "timestamp": "2026-04-06T16:30:15.898969",
    "label": "bee"
}